month,z_cape,z_corpdebt,z_nfci,z_vix,z_gpr,z_ndqsp,s_vix_adj,s_gpr_adj,l_nfci_adj,V,L,S,C,BIS
1985-01,0.4780748333168172,1.5948897588351005,0.08308782837745854,NA,NA,0.6375730094911977,NA,NA,0.08308782837745854,0.4780748333168172,0.8389887936062795,NA,0.6375730094911977,0.6515455454714315
1985-02,0.8829348476479417,1.5640601833463237,0.04441666873614384,NA,NA,0.8174968195828696,NA,NA,0.04441666873614384,0.8829348476479417,0.8042384260412337,NA,0.8174968195828696,0.8348900310906817
1985-03,0.7799246597171524,1.534328791206443,0.06730364367498624,NA,NA,0.7530633531337271,NA,NA,0.06730364367498624,0.7799246597171524,0.8008162174407146,NA,0.7530633531337271,0.7779347434305314
1985-04,0.8031981978082622,0.9127527909774845,0.10866177450672525,NA,NA,0.7134277076946818,NA,NA,0.10866177450672525,0.8031981978082622,0.5107072827421049,NA,0.7134277076946818,0.6757777294150163
1985-05,0.9821785332038103,0.8975543999996431,0.11270708076801571,NA,NA,0.6989201353226884,NA,NA,0.11270708076801571,0.9821785332038103,0.5051307403838294,NA,0.6989201353226884,0.7287431363034428
1985-06,1.1534290226049402,0.8825568619578671,0.09164332219583998,NA,NA,0.6264823827511309,NA,NA,0.09164332219583998,1.1534290226049402,0.48710009207685356,NA,0.6264823827511309,0.7556704991443083
1985-07,1.3113025518882222,0.5937886054452151,0.06944361003987083,NA,NA,0.7216422328828787,NA,NA,0.06944361003987083,1.3113025518882222,0.33161610774254296,NA,0.7216422328828787,0.7881869641712146
1985-08,1.0843273824464703,0.5810059092586309,0.022346181018176956,NA,NA,0.7596755802677491,NA,NA,0.022346181018176956,1.0843273824464703,0.30167604513840396,NA,0.7596755802677491,0.7152263359508745
1985-09,0.8524864815901065,0.5682297766799743,-0.07572024072326317,NA,NA,0.6771878162863225,NA,NA,-0.07572024072326317,0.8524864815901065,0.24625476797835558,NA,0.6771878162863225,0.5919763552849282
1985-10,0.9165875581900371,0.6458715485700116,-0.19447109191932185,NA,NA,0.5534327164994488,NA,NA,-0.19447109191932185,0.9165875581900371,0.22570022832534486,NA,0.5534327164994488,0.5652401676716102
1985-11,1.4123113592684722,0.635210750695074,-0.3059893821871591,NA,NA,0.5708147457474361,NA,NA,-0.3059893821871591,1.4123113592684722,0.16461068425395747,NA,0.5708147457474361,0.7159122630899551
1985-12,1.8193439186389004,0.6248634213900651,-0.36589729454760794,NA,NA,0.5716331940629632,NA,NA,-0.36589729454760794,1.8193439186389004,0.1294830634212286,NA,0.5716331940629632,0.8401533920410307
1986-01,1.8295742233630417,0.8908621771928973,-0.3719295619506924,NA,NA,0.6810901526205422,NA,NA,-0.3719295619506924,1.8295742233630417,0.25946630762110245,NA,0.6810901526205422,0.9233768945348954
1986-02,2.34382133259953,0.8862502717348089,-0.3485945533120947,NA,NA,0.7123239845191532,NA,NA,-0.3485945533120947,2.34382133259953,0.2688278592113571,NA,0.7123239845191532,1.1083243921100134
1986-03,2.906860869930465,0.8831069823560689,-0.32849616553680566,NA,NA,0.6833862539745679,NA,NA,-0.32849616553680566,2.906860869930465,0.2773054084096316,NA,0.6833862539745679,1.2891841774382213
1986-04,3.086797522627072,1.1762013665225388,-0.3174512841472774,NA,NA,0.7553206014340275,NA,NA,-0.3174512841472774,3.086797522627072,0.4293750411876307,NA,0.7553206014340275,1.4238310550829099
1986-05,2.9933678448752716,1.1703845695704431,-0.27673267910162364,NA,NA,0.8274726499831431,NA,NA,-0.27673267910162364,2.9933678448752716,0.44682594523440977,NA,0.8274726499831431,1.4225554800309415
1986-06,3.1185442618495123,1.1660932588111386,-0.16661218449022058,NA,NA,0.8007999202821457,NA,NA,-0.16661218449022058,3.1185442618495123,0.49974053716045896,NA,0.8007999202821457,1.473028239764039
1986-07,2.8432878360938973,1.4157443353572023,-0.020809869340770334,NA,NA,0.7159009271415187,NA,NA,-0.020809869340770334,2.8432878360938973,0.697467233008216,NA,0.7159009271415187,1.4188853320812107
1986-08,2.933104604977952,1.4036970579649946,0.16067728246862636,NA,NA,0.40214784152870886,NA,NA,0.16067728246862636,2.933104604977952,0.7821871702168105,NA,0.40214784152870886,1.372479872241157
1986-09,2.5877788161782798,1.3929433481410978,0.3376163250638527,NA,NA,0.2620757839868335,NA,NA,0.3376163250638527,2.5877788161782798,0.8652798366024752,NA,0.2620757839868335,1.2383781455891962
1986-10,2.4963211739782527,1.0570401414085437,0.4794755203115214,NA,NA,0.21176727363022022,NA,NA,0.4794755203115214,2.4963211739782527,0.7682578308600325,NA,0.21176727363022022,1.1587820928228352
1986-11,2.696708241500171,1.0426826123598838,0.5510872031045622,NA,NA,0.040138320179611914,NA,NA,0.5510872031045622,2.696708241500171,0.796884907732223,NA,0.040138320179611914,1.177910489804002
1986-12,2.7504640947963033,1.0287475518648763,0.5099033164214366,NA,NA,-0.1331385483344736,NA,NA,0.5099033164214366,2.7504640947963033,0.7693254341431565,NA,-0.1331385483344736,1.128883660201662
1987-01,3.12692426576968,0.890230188352801,0.3379321858991126,NA,NA,-0.03813401877699842,NA,NA,0.3379321858991126,3.12692426576968,0.6140811871259568,NA,-0.03813401877699842,1.234290478039546
1987-02,3.461325192685966,0.8753548722281176,0.107803982647157,NA,NA,0.003156492803771609,NA,NA,0.107803982647157,3.461325192685966,0.4915794274376373,NA,0.003156492803771609,1.3186870376424584
1987-03,3.5788600663847276,0.8606653925961324,-0.07287487758747202,NA,NA,0.04061194067994498,NA,NA,-0.07287487758747202,3.5788600663847276,0.3938952575043302,NA,0.04061194067994498,1.3377890881896677
1987-04,3.2751645286731175,0.41184382183364293,-0.20420968270734155,NA,NA,-0.06323161490773009,NA,NA,-0.20420968270734155,3.2751645286731175,0.10381706956315069,NA,-0.06323161490773009,1.105249994442846
1987-05,3.099381963069262,0.4029548922478096,-0.3016995170593181,NA,NA,-0.19122961257204094,NA,NA,-0.3016995170593181,3.099381963069262,0.05062768759424577,NA,-0.19122961257204094,0.9862600126971556
1987-06,3.2501564540323225,0.3940749954171143,-0.349818008911325,NA,NA,-0.4075946393253599,NA,NA,-0.349818008911325,3.2501564540323225,0.022128493252894677,NA,-0.4075946393253599,0.9548967693199525
1987-07,3.2900316352698287,0.10531195836421553,-0.26630301953688773,NA,NA,-0.5602281080288413,NA,NA,-0.26630301953688773,3.2900316352698287,-0.0804955305863361,NA,-0.5602281080288413,0.8831026655515504
1987-08,3.5187114009970695,0.10082767089744003,0.05203314020510149,NA,NA,-0.7165918548134691,NA,NA,0.05203314020510149,3.5187114009970695,0.07643040555127076,NA,-0.7165918548134691,0.9595166505782903
1987-09,3.084743066267672,0.09633845336452472,0.5389552729200127,NA,NA,-0.5880230074557442,NA,NA,0.5389552729200127,3.084743066267672,0.3176468631422687,NA,-0.5880230074557442,0.9381223073180655
1987-10,2.1474761310982924,-0.49768880206305804,1.0687039998604724,NA,NA,-0.7109420181276538,NA,NA,1.0687039998604724,2.1474761310982924,0.28550759889870714,NA,-0.7109420181276538,0.5740139039564486
1987-11,1.350262288571427,-0.49203918964746335,1.2513184335618686,NA,NA,-1.1889357032441845,NA,NA,1.2513184335618686,1.350262288571427,0.3796396219572026,NA,-1.1889357032441845,0.18032206909481507
1987-12,1.2507178498880753,-0.4864137823003473,1.0339651753591361,NA,0.22568364124146892,-1.1958433892245715,NA,-0.22568364124146892,1.0339651753591361,1.2507178498880753,0.2737756965293944,-0.22568364124146892,-1.1958433892245715,0.025741628987857312
1988-01,1.424688391617193,-0.37733264347649614,0.5654671597759241,NA,-1.4105457987259606,-0.9182842925570404,NA,1.4105457987259606,0.5654671597759241,1.424688391617193,0.09406725814971398,1.4105457987259606,-0.9182842925570404,0.5027542889839568
1988-02,1.5493290069501489,-0.3722820344041904,0.1025851665399512,NA,-1.1828537704727835,-0.8460135590624661,NA,1.1828537704727835,0.1025851665399512,1.5493290069501489,-0.1348484339321196,1.1828537704727835,-0.8460135590624661,0.4378301961070866
1988-03,1.6564619033217456,-0.3672442905771452,-0.16784165535927434,NA,0.30938033850114904,-0.586266470114164,NA,-0.30938033850114904,-0.16784165535927434,1.6564619033217456,-0.2675429729682098,-0.30938033850114904,-0.586266470114164,0.12331803043455569
1988-04,1.5338500616019817,-0.2470665075715364,-0.2783759047116024,NA,0.8727619022101334,-0.4539593063590797,NA,-0.8727619022101334,-0.2783759047116024,1.5338500616019817,-0.2627212061415694,-0.8727619022101334,-0.4539593063590797,-0.013898088277200196
1988-05,1.3581000302751742,-0.2417180604926743,-0.26476359230307206,NA,-0.04895808667217567,-0.36714464229193977,NA,0.04895808667217567,-0.26476359230307206,1.3581000302751742,-0.25324082639787315,0.04895808667217567,-0.36714464229193977,0.19666816206438426
1988-06,1.6033579724870013,-0.23637185658103768,-0.22156232305905738,NA,-1.5896987084418583,-0.5634240169162811,NA,1.5896987084418583,-0.22156232305905738,1.6033579724870013,-0.22896708982004754,1.5896987084418583,-0.5634240169162811,0.6001663935481327
1988-07,1.5138551108457827,-0.4876119364600586,-0.198328300723742,NA,-1.312301363556104,-0.38046604506398407,NA,1.312301363556104,-0.198328300723742,1.5138551108457827,-0.3429701185919003,1.312301363556104,-0.38046604506398407,0.5256800776865007
1988-08,1.353959178969971,-0.4815840960363846,-0.22457296085580924,NA,-1.2363559575813974,-0.5008854281829512,NA,1.2363559575813974,-0.22457296085580924,1.353959178969971,-0.3530785284460969,1.2363559575813974,-0.5008854281829512,0.43408779498058003
1988-09,1.3772274829168019,-0.4755815598027303,-0.285251048912289,NA,-1.724257909382962,-0.6089104994786231,NA,1.724257909382962,-0.285251048912289,1.3772274829168019,-0.3804163043575096,1.724257909382962,-0.6089104994786231,0.5280396471159078
1988-10,1.5074629329763538,-0.41405888761053977,-0.3398676278889376,NA,-1.728183736089655,-0.8960429958015577,NA,1.728183736089655,-0.3398676278889376,1.5074629329763538,-0.3769632577497387,1.728183736089655,-0.8960429958015577,0.4906601038786781
1988-11,1.3528574146707124,-0.41297774943897014,-0.36483168627467016,NA,-1.9016497290733614,-1.0092539010182429,NA,1.9016497290733614,-0.36483168627467016,1.3528574146707124,-0.3889047178568201,1.9016497290733614,-1.0092539010182429,0.46408713121725265
1988-12,1.415417080178419,-0.41189774982902017,-0.36664931082822594,NA,-0.6556194851782995,-1.158091871579267,NA,0.6556194851782995,-0.36664931082822594,1.415417080178419,-0.38927353032862305,0.6556194851782995,-1.158091871579267,0.13091779086220712
1989-01,1.5234218144372726,-0.41412618461213907,-0.3634871343662241,NA,-0.7107657239855197,-1.142199330561964,NA,0.7107657239855197,-0.3634871343662241,1.5234218144372726,-0.3888066594891816,0.7107657239855197,-1.142199330561964,0.1757953870929117
1989-02,1.6227257898086482,-0.4117233380134499,-0.38037460132772755,NA,-0.5659164149736761,-1.0819503542717352,NA,0.5659164149736761,-0.38037460132772755,1.6227257898086482,-0.3960489696705887,0.5659164149736761,-1.0819503542717352,0.17766072021000007
1989-03,1.5323630146003708,-0.40932546510086393,-0.4151572201676931,NA,-0.7796159724846559,-1.053870387910576,NA,0.7796159724846559,-0.4151572201676931,1.5323630146003708,-0.4122413426342785,0.7796159724846559,-1.053870387910576,0.21146681413504304
1989-04,1.6323442298800517,-0.4695326498146271,-0.4288848312393575,NA,-1.0026323071263696,-1.0681468506162148,NA,1.0026323071263696,-0.4288848312393575,1.6323442298800517,-0.44920874052699233,1.0026323071263696,-1.0681468506162148,0.2794052364658036
1989-05,1.763096646972599,-0.4667801569185193,-0.4163447073705585,NA,0.17929987235211764,-1.0087578348121848,NA,-0.17929987235211764,-0.4163447073705585,1.763096646972599,-0.44156243214453894,-0.17929987235211764,-1.0087578348121848,0.03336912691593941
1989-06,1.8697294806597085,-0.46403485251151483,-0.3941054733255947,NA,-0.6593741893228482,-1.063495386876369,NA,0.6593741893228482,-0.3941054733255947,1.8697294806597085,-0.42907016291855476,0.6593741893228482,-1.063495386876369,0.2591345300469083
1989-07,1.9437346838335499,-0.7300025677028021,-0.3720028908975856,NA,-0.9226837852022576,-1.3514866785755828,NA,0.9226837852022576,-0.3720028908975856,1.9437346838335499,-0.5510027293001939,0.9226837852022576,-1.3514866785755828,0.24098226529000766
1989-08,2.1204370229799165,-0.7208733333346816,-0.34027921539742245,NA,0.5215857678881667,-1.4497022987672934,NA,-0.5215857678881667,-0.34027921539742245,2.1204370229799165,-0.530576274366052,-0.5215857678881667,-1.4497022987672934,-0.09535682951039892
1989-09,2.0571416562834415,-0.7118255500281728,-0.2619129692037246,NA,-0.8768989542474139,-1.3000508564843651,NA,0.8768989542474139,-0.2619129692037246,2.0571416562834415,-0.48686925961594874,0.8768989542474139,-1.3000508564843651,0.28678012360763544
1989-10,1.9831378330724327,-1.229110237918076,-0.13588557922890604,NA,-1.7697003181771884,-1.2952616961477892,NA,1.7697003181771884,-0.13588557922890604,1.9831378330724327,-0.682497908573491,1.7697003181771884,-1.2952616961477892,0.44376963663208524
1989-11,1.8148159367608172,-1.21250933271112,-0.006244071446573077,NA,-0.3972280453140687,-1.4150825528384332,NA,0.3972280453140687,-0.006244071446573077,1.8148159367608172,-0.6093767020788465,0.3972280453140687,-1.4150825528384332,0.046896181789401525
1989-12,1.8956728470520805,-1.1962521062353686,0.11632201548313882,NA,0.7592772131630049,-1.7707952211543803,NA,-0.7592772131630049,0.11632201548313882,1.8956728470520805,-0.5399650453761149,-0.7592772131630049,-1.7707952211543803,-0.29359115816035486
1990-01,1.674721846471306,-1.3255667511969207,0.163386034899009,NA,-1.0622565066105012,-1.7157023977609707,NA,1.0622565066105012,0.163386034899009,1.674721846471306,-0.5810903581489558,1.0622565066105012,-1.7157023977609707,0.11004639929297022
1990-02,1.4810347138632665,-1.3070462977434711,0.09617733548414839,NA,-1.2793907148668373,-1.749205829773773,NA,1.2793907148668373,0.09617733548414839,1.4810347138632665,-0.6054344811296614,1.2793907148668373,-1.749205829773773,0.10144627945666734
1990-03,1.5475528607839808,-1.288954577337494,-0.0860522475699823,NA,-1.7947587253020807,-1.7073225041102944,NA,1.7947587253020807,-0.0860522475699823,1.5475528607839808,-0.6875034124537381,1.7947587253020807,-1.7073225041102944,0.2368714173805072
1990-04,1.512910515695926,-1.7233296170446466,-0.2725188114751659,NA,-0.9666576088043011,-1.8433237918472731,NA,0.9666576088043011,-0.2725188114751659,1.512910515695926,-0.9979242142599063,0.9666576088043011,-1.8433237918472731,-0.0904199704017381
1990-05,1.6528090250592171,-1.7104834695839295,-0.30281758940377673,NA,-0.6830675648973041,-1.858573369919597,NA,0.6830675648973041,-0.30281758940377673,1.6528090250592171,-1.006650529493853,0.6830675648973041,-1.858573369919597,-0.1323368273642322
1990-06,1.7424533676668639,-1.697844809626396,-0.09537205245651587,NA,-1.0566788285514859,-1.7009038326944268,NA,1.0566788285514859,-0.09537205245651587,1.7424533676668639,-0.8966084310414559,1.0566788285514859,-1.7009038326944268,0.05040498312061675
1990-07,1.6852600977417393,-1.7355117380763354,0.2629627809755273,NA,-0.6942839331393714,-1.7974405587934112,NA,0.6942839331393714,0.2629627809755273,1.6852600977417393,-0.7362744785504041,0.6942839331393714,-1.7974405587934112,-0.03854275161567616
1990-08,1.201762206715956,-1.7344046703019578,0.5480814626888604,NA,6.005634127709636,-2.2316517402694274,NA,-6.005634127709636,0.5480814626888604,1.201762206715956,-0.5931616038065487,-6.005634127709636,-2.2316517402694274,-1.9071713162674142
1990-09,0.9323069097585078,-1.733299188715515,0.605636180370297,NA,3.2329381230897747,-2.3667209843081527,NA,-3.2329381230897747,0.605636180370297,0.9323069097585078,-0.563831504172609,-3.2329381230897747,-2.3667209843081527,-1.3077959254530072
1990-10,0.7791538030643201,-2.261701659283354,0.4452318936553714,NA,1.5377239504807918,-2.7275441851591187,NA,-1.5377239504807918,0.4452318936553714,0.7791538030643201,-0.9082348828139913,-1.5377239504807918,-2.7275441851591187,-1.0985873038473954
1990-11,0.872762822091537,-2.2213462097400742,0.11404387833234386,NA,2.0076014332989525,-2.613164665291987,NA,-2.0076014332989525,0.11404387833234386,0.872762822091537,-1.0536511657038652,-2.0076014332989525,-2.613164665291987,-1.200413610550817
1990-12,1.0474992908575933,-2.182695362229753,-0.27555543980485125,NA,1.7558763816400302,-2.3821996122447473,NA,-1.7558763816400302,-0.27555543980485125,1.0474992908575933,-1.2291254010173023,-1.7558763816400302,-2.3821996122447473,-1.0799255260111216
1991-01,0.9616089869474016,-3.0459703258802215,-0.6031802508288757,NA,6.3743071275658485,-2.123612782112355,NA,-6.3743071275658485,-0.6031802508288757,0.9616089869474016,-1.8245752883545485,-6.3743071275658485,-2.123612782112355,-2.3402215527713377
1991-02,1.4402483179971173,-2.9483128923027717,-0.8549296628858404,NA,4.56654145373082,-1.6830486260838693,NA,-4.56654145373082,-0.8549296628858404,1.4402483179971173,-1.901621277594306,-4.56654145373082,-1.6830486260838693,-1.6777407598529697
1991-03,1.545396390607325,-2.858505407774693,-0.9974718101130772,NA,0.7565313951009223,-1.41962543392676,NA,-0.7565313951009223,-0.9974718101130772,1.545396390607325,-1.9279886089438851,-0.7565313951009223,-1.41962543392676,-0.6396872618410606
1991-04,1.6099827428821663,-3.186050920353866,-1.008169472904653,NA,-0.258251387146537,-1.111097960464882,NA,0.258251387146537,-1.008169472904653,1.6099827428821663,-2.0971101966292593,0.258251387146537,-1.111097960464882,-0.33499350676635953
1991-05,1.5453811966327626,-3.035193022278131,-0.9400197872020918,NA,-0.43966296874024113,-1.143040690114531,NA,0.43966296874024113,-0.9400197872020918,1.5453811966327626,-1.9876064047401114,0.43966296874024113,-1.143040690114531,-0.28640073237040964
1991-06,1.5107064580536067,-2.9016741063379357,-0.8431876350522233,NA,-0.4530088762812829,-1.1391058372037872,NA,0.4530088762812829,-0.8431876350522233,1.5107064580536067,-1.8724308706950794,0.4530088762812829,-1.1391058372037872,-0.26195534339099424
1991-07,1.5051861541844258,-3.209005364137353,-0.7479627511746916,NA,0.10419832994789904,-1.1754122652783134,NA,-0.10419832994789904,-0.7479627511746916,1.5051861541844258,-1.9784840576560223,-0.10419832994789904,-1.1754122652783134,-0.43822712467445224
1991-08,1.5899587932329768,-3.056759360663009,-0.650302208617779,NA,0.06920399215576852,-0.9702798673820785,NA,-0.06920399215576852,-0.650302208617779,1.5899587932329768,-1.853530784640394,-0.06920399215576852,-0.9702798673820785,-0.325763962736316
1991-09,1.5217916964916667,-2.922117332563176,-0.5810792696528848,NA,0.15970479138437485,-0.7973385790116098,NA,-0.15970479138437485,-0.5810792696528848,1.5217916964916667,-1.7515983011080305,-0.15970479138437485,-0.7973385790116098,-0.2967124937530871
1991-10,1.4937315616112146,-3.2299009795399436,-0.5640646210427638,NA,-0.19332510131131805,-0.6480888411590514,NA,0.19332510131131805,-0.5640646210427638,1.4937315616112146,-1.8969828002913536,0.19332510131131805,-0.6480888411590514,-0.21450374463196809
1991-11,1.452574761989607,-3.073448179732008,-0.6009578890514998,NA,-0.19396476291905748,-0.49619176440646845,NA,0.19396476291905748,-0.6009578890514998,1.452574761989607,-1.8372030343917538,0.19396476291905748,-0.49619176440646845,-0.17171381847238945
1991-12,1.469986960916057,-2.9354202930110227,-0.7015268906371717,NA,-0.12559156230779736,-0.4256538889931037,NA,0.12559156230779736,-0.7015268906371717,1.469986960916057,-1.8184735918240973,0.12559156230779736,-0.4256538889931037,-0.16213723939833666
1992-01,1.8089047374402663,-2.5821687293718503,-0.8474884760569219,NA,-0.1460299455330811,0.06507885575857893,NA,0.1460299455330811,-0.8474884760569219,1.8089047374402663,-1.7148286027143862,0.1460299455330811,0.06507885575857893,0.07629623400438502
1992-02,1.726495870555217,-2.494611644068582,-0.9597162717974049,NA,-0.4765072139953383,0.38830665143134174,NA,0.4765072139953383,-0.9597162717974049,1.726495870555217,-1.7271639579329934,0.4765072139953383,0.38830665143134174,0.2160364445122259
1992-03,1.6183479068092255,-2.414061644979438,-0.9959029386891749,NA,-0.5133226192721014,0.32334559332452883,NA,0.5133226192721014,-0.9959029386891749,1.6183479068092255,-1.7049822918343065,0.5133226192721014,0.32334559332452883,0.1875084568928873
1992-04,1.599294622510487,-2.343436393236807,-1.019155452283239,NA,-0.4978176900942032,-0.22579750387021483,NA,0.4978176900942032,-1.019155452283239,1.599294622510487,-1.681295922760023,0.4978176900942032,-0.22579750387021483,0.04750472149361306
1992-05,1.6743697380640783,-2.271585507527018,-1.1202217208733039,NA,-0.6405795921196153,-0.3933286398035216,NA,0.6405795921196153,-1.1202217208733039,1.6743697380640783,-1.695903614200161,0.6405795921196153,-0.3933286398035216,0.05642926904500278
1992-06,1.5589581867863267,-2.2047152093896627,-1.273013308534607,NA,-0.31800913438114625,-0.46954307733522815,NA,0.31800913438114625,-1.273013308534607,1.5589581867863267,-1.7388642589621348,0.31800913438114625,-0.46954307733522815,-0.0828600037824725
1992-07,1.6236780116947138,-2.005030391279455,-1.3224071981172514,NA,-0.7158672122043638,-0.5693093722378739,NA,0.7158672122043638,-1.3224071981172514,1.6236780116947138,-1.6637187946983532,0.7158672122043638,-0.5693093722378739,0.02662926424071263
1992-08,1.632653294595823,-1.9546830404173268,-1.2121234030359942,NA,-0.5716972522958703,-0.6143528441321672,NA,0.5716972522958703,-1.2121234030359942,1.632653294595823,-1.5834032217266605,0.5716972522958703,-0.6143528441321672,0.00164862025821641
1992-09,1.607514972245034,-1.9070104284585983,-1.1514494797185713,NA,-0.7190683369138504,-0.44700416665189263,NA,0.7190683369138504,-1.1514494797185713,1.607514972245034,-1.5292299540885848,0.7190683369138504,-0.44700416665189263,0.08758729710460174
1992-10,1.4880166488923843,-1.6466909581100793,-1.2802468860711727,NA,-0.8515560232069473,-0.2528090455187691,NA,0.8515560232069473,-1.2802468860711727,1.4880166488923843,-1.4634689220906258,0.8515560232069473,-0.2528090455187691,0.15582367612248416
1992-11,1.595818242173879,-1.6154792754542584,-1.4856481479746761,NA,-0.3500634312804352,0.20996821570249039,NA,0.3500634312804352,-1.4856481479746761,1.595818242173879,-1.5505637117144673,0.3500634312804352,0.20996821570249039,0.15132154436058431
1992-12,1.7452957511058809,-1.5854009432413712,-1.670477037147105,-1.52601813317707,-0.513437977000161,0.38122003728853604,1.52601813317707,0.513437977000161,-1.670477037147105,1.7452957511058809,-1.627938990194238,1.0197280550886154,0.38122003728853604,0.3795762133221986
1993-01,1.6788216029502088,-1.393940847248206,-1.906168187916225,-1.4157406410074713,0.4873189257577817,0.8257883237621496,1.4157406410074713,-0.4873189257577817,-1.906168187916225,1.6788216029502088,-1.6500545175822157,0.4642108576248448,0.8257883237621496,0.3296915666887469
1993-02,1.7150609453247867,-1.3719915161668648,-2.1084681080263112,-1.0914383037692452,-0.3623243609229193,0.5641554707391249,1.0914383037692452,0.3623243609229193,-2.1084681080263112,1.7150609453247867,-1.740229812096588,0.7268813323460823,0.5641554707391249,0.3164669840783515
1993-03,1.7712118153544383,-1.3506287206595236,-2.171554557739451,-1.085362661218891,-0.27684490310811327,0.4381724524373868,1.085362661218891,0.27684490310811327,-2.171554557739451,1.7712118153544383,-1.7610916391994873,0.6811037821635021,0.4381724524373868,0.28234910268895996
1993-04,1.626797614672606,-1.054351117200699,-2.001447111073161,-1.2148138136412006,0.1355942862429807,0.33674545002998685,1.2148138136412006,-0.1355942862429807,-2.001447111073161,1.626797614672606,-1.52789911413693,0.53960976369911,0.33674545002998685,0.2438134285661932
1993-05,1.6144302401706783,-1.0425361968457907,-1.7087633912114888,-1.020658058572478,0.09038931710577489,0.6325762701140941,1.020658058572478,-0.09038931710577489,-1.7087633912114888,1.6144302401706783,-1.3756497940286398,0.46513437073335157,0.6325762701140941,0.33412277174737104
1993-06,1.6105824255023262,-1.0308975767465365,-1.7024052952759186,-1.2198655400622385,-0.05685962678507553,0.7529337699433325,1.2198655400622385,0.05685962678507553,-1.7024052952759186,1.6105824255023262,-1.3666514360112276,0.638362583423657,0.7529337699433325,0.40880683571452203
1993-07,1.5681914877383065,-0.7966363909938801,-1.9764052344995025,-1.3925074724730464,0.37483788832788084,0.9530390231341174,1.3925074724730464,-0.37483788832788084,-1.9764052344995025,1.5681914877383065,-1.3865208127466913,0.5088347920725828,0.9530390231341174,0.41088612254957885
1993-08,1.6113552564990437,-0.7892294490251682,-2.1443721562430125,-1.261529995012335,-0.218093594143332,1.1769492159563018,1.261529995012335,0.218093594143332,-2.1443721562430125,1.6113552564990437,-1.4668008026340904,0.7398117945778335,1.1769492159563018,0.5153288660997721
1993-09,1.6331562811610798,-0.7818874715314021,-2.0158301820835014,-1.0233000403672663,-0.4007292798395839,1.425824154324147,1.0233000403672663,0.4007292798395839,-2.0158301820835014,1.6331562811610798,-1.3988588268074518,0.7120146601034251,1.425824154324147,0.5930340671953
1993-10,1.6378312233747907,-0.5123984670619081,-1.5211442881456638,-1.2145898533744663,-0.009985371192094968,1.7328811027504347,1.2145898533744663,0.009985371192094968,-1.5211442881456638,1.6378312233747907,-1.0167713776037859,0.6122876122832807,1.7328811027504347,0.74155714020118
1993-11,1.5908180489409922,-0.5050448225069739,-0.900561626124064,-0.7337256578548856,-0.5305876706161932,1.6488397289132428,0.7337256578548856,0.5305876706161932,-0.900561626124064,1.5908180489409922,-0.7028032243155189,0.6321566642355394,1.6488397289132428,0.7922528044435639
1993-12,1.5980228291728085,-0.49772492481320507,-0.5406539148303472,-1.2785773208228441,-0.61761064635329,1.5606512443533571,1.2785773208228441,0.61761064635329,-0.5406539148303472,1.5980228291728085,-0.5191894198217761,0.9480939835880671,1.5606512443533571,0.8968946593231142
1994-01,1.64090304455119,-0.26988167732504353,-0.37348613908918715,-1.2580007455753255,-0.5230280451061481,1.7883735815661954,1.2580007455753255,0.5230280451061481,-0.37348613908918715,1.64090304455119,-0.32168390820711534,0.8905143953407368,1.7883735815661954,0.9995267783127517
1994-02,1.5750022381481519,-0.2634374375645931,-0.2634740592608556,-0.7509781342546306,0.26251021419139264,1.8143678460822106,0.7509781342546306,-0.26251021419139264,-0.2634740592608556,1.5750022381481519,-0.26345574841272434,0.24423396003161896,1.8143678460822106,0.8425370739623144
1994-03,1.433040840657938,-0.2569933273787044,-0.26902418896803265,-0.4126028075423921,-0.2924851522984627,1.9740727340348527,0.4126028075423921,0.2924851522984627,-0.26902418896803265,1.433040840657938,-0.26300875817336855,0.3525439799204274,1.9740727340348527,0.8741621991099624
1994-04,1.1973725904481003,-0.22682170395428486,-0.4663247223939373,-0.14548314545373583,-0.2470422948852763,1.5190581533455993,0.14548314545373583,0.2470422948852763,-0.4663247223939373,1.1973725904481003,-0.34657321317411105,0.19626272016950608,1.5190581533455993,0.6415300626972738
1994-05,1.2230854172663779,-0.21693069555160843,-0.6929075754044007,-0.6890361774962296,-0.03184203659414784,1.33224013529224,0.6890361774962296,0.03184203659414784,-0.6929075754044007,1.2230854172663779,-0.45491913547800455,0.3604391070451887,1.33224013529224,0.6152113810314506
1994-06,1.23586597153214,-0.20697473857720128,-0.7805009797621384,-0.7826228091904363,0.34314477665341414,1.1447920386750579,0.7826228091904363,-0.34314477665341414,-0.7805009797621384,1.23586597153214,-0.49373785916966983,0.21973901626851106,1.1447920386750579,0.5266647918265097
1994-07,1.1593369667143945,-0.1642438864515901,-0.695997983748723,-0.9655638651897867,-0.14922925072186471,1.0675015321621029,0.9655638651897867,0.14922925072186471,-0.695997983748723,1.1593369667143945,-0.4301209351001566,0.5573965579558257,1.0675015321621029,0.5885285304330417
1994-08,1.2848735939614162,-0.15292767077393046,-0.42265742214320856,-1.0734635709703653,-0.1821972148054818,1.1419270442915472,1.0734635709703653,0.1821972148054818,-0.42265742214320856,1.2848735939614162,-0.2877925464585695,0.6278303928879235,1.1419270442915472,0.6917096211705793
1994-09,1.2822929008836055,-0.14147313838846776,0.02840155709667987,-0.7713257482810851,-0.16534702143927785,1.4594472447018534,0.7713257482810851,0.16534702143927785,0.02840155709667987,1.2822929008836055,-0.056535790645893945,0.4683363848601815,1.4594472447018534,0.7883851849499366
1994-10,1.21447662605961,-0.04727314734473638,0.4855047344605573,-0.3308643313203958,-0.26166411156699376,1.49682299211802,0.3308643313203958,0.26166411156699376,0.4855047344605573,1.21447662605961,0.21911579355791047,0.2962642214436948,1.49682299211802,0.8066699082948088
1994-11,1.143763885723285,-0.03257525124562106,0.737259566806193,-0.08079713809428758,-0.46075936903506676,1.5139028255495077,0.08079713809428758,0.46075936903506676,0.737259566806193,1.143763885723285,0.35234215778028594,0.27077825356467716,1.5139028255495077,0.820196780654439
1994-12,1.0392678176109573,-0.01748566933164845,0.7738030320532941,-0.5619557187745355,-0.22862908669415233,1.240468251541708,0.5619557187745355,0.22862908669415233,0.7738030320532941,1.0392678176109573,0.37815868136082287,0.39529240273434396,1.240468251541708,0.7632967883119581
1995-01,1.1260240567547055,-0.10036898139988851,0.6128450500528941,-0.9689083759737998,-0.6106762944767375,1.3326691665966874,0.9689083759737998,0.6106762944767375,0.6128450500528941,1.1260240567547055,0.25623803432650283,0.7897923352252687,1.3326691665966874,0.876180898225791
1995-02,1.298227213092523,-0.08785392704395868,0.4353553807743266,-1.126456478196638,-0.6812495881811554,1.3112265269075238,1.126456478196638,0.6812495881811554,0.4353553807743266,1.298227213092523,0.17375072686518397,0.9038530331888968,1.3112265269075238,0.9217643750135319
1995-03,1.3975135224876656,-0.07511780265714157,0.3013078559654637,-0.9571346771256953,-0.54201045232522,1.3683901322722938,0.9571346771256953,0.54201045232522,0.3013078559654637,1.3975135224876656,0.11309502665416107,0.7495725647254576,1.3683901322722938,0.9071428115348945
1995-04,1.5423852797547644,0.0599837199913159,0.15791776344541866,-0.8833360186169061,-0.13262429678836538,1.2736190964723875,0.8833360186169061,0.13262429678836538,0.15791776344541866,1.5423852797547644,0.10895074171836729,0.5079801577026357,1.2736190964723875,0.8582338189120386
1995-05,1.707837202574676,0.069461318616791,0.03684692940449758,-0.9095429671343166,-0.40512211179381025,1.3787998229401428,0.9095429671343166,0.40512211179381025,0.03684692940449758,1.707837202574676,0.05315412401064429,0.6573325394640634,1.3787998229401428,0.9492809222473817
1995-06,1.856195998569244,0.07905469978610695,0.019706580593119232,-0.9768648048410127,0.011191000528118123,1.6299507737972183,0.9768648048410127,-0.011191000528118123,0.019706580593119232,1.856195998569244,0.04938064018961309,0.48283690215644726,1.6299507737972183,1.0045910786781307
1995-07,2.0442993730905346,-0.030397522563393304,0.012680569788327042,-0.828887240521002,0.09089407689626876,2.130891753775394,0.828887240521002,-0.09089407689626876,0.012680569788327042,2.0442993730905346,-0.008858476387533131,0.36899658181236666,2.130891753775394,1.1338323080726906
1995-08,1.983467098097481,-0.021894459539360697,-0.19688424556123363,-0.7565840083936708,0.068658273142043,2.4048492449946837,0.7565840083936708,-0.068658273142043,-0.19688424556123363,1.983467098097481,-0.10938935255029716,0.3439628676258139,2.4048492449946837,1.1557224645419204
1995-09,2.178270185162359,-0.0133203065635185,-0.5594382838214149,-0.9101264766104188,-0.798014838580972,2.405466932720499,0.9101264766104188,0.798014838580972,-0.5594382838214149,2.178270185162359,-0.2863792951924667,0.8540706575956953,2.405466932720499,1.2878571200715219
1995-10,2.142702199551428,-0.004263568060520852,-0.7552734357417575,-0.3916065272879004,-0.8720527086943497,1.9471754785154507,0.3916065272879004,0.8720527086943497,-0.7552734357417575,2.142702199551428,-0.3797685019011392,0.631829617991125,1.9471754785154507,1.0854846985392161
1995-11,2.2457652358912568,0.004983877037345168,-0.7589870930932511,-0.8075793106330417,-0.6579932673436976,1.9329803127905247,0.8075793106330417,0.6579932673436976,-0.7589870930932511,2.2457652358912568,-0.37700160802795296,0.7327862889883696,1.9329803127905247,1.1336325574105495
1995-12,2.421059079609427,0.014328603077186603,-0.77141386883406,-0.9573545216137913,-0.9079092394051309,1.5618003914076823,0.9573545216137913,0.9079092394051309,-0.77141386883406,2.421059079609427,-0.3785426328784367,0.9326318805094611,1.5618003914076823,1.1342371796620334
1996-01,2.2838617283478686,-0.17362181763696974,-0.9136024642355317,-0.5623012153125944,-0.6549462560012271,1.322304672801904,0.5623012153125944,0.6549462560012271,-0.9136024642355317,2.2838617283478686,-0.5436121409362508,0.6086237356569107,1.322304672801904,0.9177944989676081
1996-02,2.616111901953569,-0.16228181657522245,-1.0809462819858584,-0.206723433433387,-0.5345657196800058,1.4124075540890446,0.206723433433387,0.5345657196800058,-1.0809462819858584,2.616111901953569,-0.6216140492805404,0.37064457655669636,1.4124075540890446,0.9443874958296923
1996-03,2.4308203785277365,-0.1508053251331034,-1.0596244036237579,0.4138520737543296,-0.4889340908528263,1.4257170500117076,-0.4138520737543296,0.4889340908528263,-1.0596244036237579,2.4308203785277365,-0.6052148643784306,0.037541008549248356,1.4257170500117076,0.8222158931775654
1996-04,2.2997883370975036,-0.22944425058048323,-0.8075032670916156,0.14005088140310462,-0.41311802725935437,1.8162334105466007,-0.14005088140310462,0.41311802725935437,-0.8075032670916156,2.2997883370975036,-0.5184737588360494,0.13653357292812487,1.8162334105466007,0.933520390434045
1996-05,2.3585659077158043,-0.2165590099184344,-0.5481056690817837,0.04057016839536225,-0.8694203127707901,2.3295592735555313,-0.04057016839536225,0.8694203127707901,-0.5481056690817837,2.3585659077158043,-0.38233233950010903,0.41442507218771396,2.3295592735555313,1.180054478489735
1996-06,2.3418558885017355,-0.20347023122858832,-0.45759676077634415,0.0978260313894923,-0.7757524407499705,2.027969433196829,-0.0978260313894923,0.7757524407499705,-0.45759676077634415,2.3418558885017355,-0.33053349600246623,0.3389632046802391,2.027969433196829,1.0945637575940843
1996-07,1.953180996971851,-0.11943441578437672,-0.5515248393066167,0.46531605372197976,-0.4930061929226699,1.4924814098242825,-0.46531605372197976,0.4930061929226699,-0.5515248393066167,1.953180996971851,-0.3354796275454967,0.013845069600345067,1.4924814098242825,0.7810069622127455
1996-08,2.074191111356879,-0.10453139767982408,-0.7537913273601345,-0.05673591087972777,-0.46302547711468617,1.4416929164875454,0.05673591087972777,0.46302547711468617,-0.7537913273601345,2.074191111356879,-0.42916136251997933,0.259880693997207,1.4416929164875454,0.8366508398304131
1996-09,2.1084367364162775,-0.08923037757990034,-0.9322428640136359,0.13615348382014356,-0.300154932155956,1.6853237870419007,-0.13615348382014356,0.300154932155956,-0.9322428640136359,2.1084367364162775,-0.5107366207967681,0.08200072416790623,1.6853237870419007,0.8412561567073291
1996-10,2.2928335065285026,-0.32093300765772687,-1.1236843130064205,0.088805552903487045,-1.0740757659241416,1.6602778483559015,-0.088805552903487045,1.0740757659241416,-1.1236843130064205,2.2928335065285026,-0.7223086603320736,0.49263510651032727,1.6602778483559015,0.9308594502656644
1996-11,2.5455995333344448,-0.30738493429686153,-1.3354207499755184,-0.0034718465834360423,-1.0171107067609375,1.365209888600776,0.0034718465834360423,1.0171107067609375,-1.3354207499755184,2.5455995333344448,-0.82140284213619,0.5102912766721868,1.365209888600776,0.8999244641178044
1996-12,2.504476631214551,-0.2936199268519178,-1.3839552264196624,0.776785306501634,-0.5913528483351728,1.4869709169828327,-0.776785306501634,0.5913528483351728,-1.3839552264196624,2.504476631214551,-0.8387875766357901,-0.09271622908323063,1.4869709169828327,0.7649859356195907
1997-01,2.589540271716087,-0.06410643842341232,-1.445241523637218,0.8199775894744546,-1.077553536628909,1.5561244108115069,-0.8199775894744546,1.077553536628909,-1.445241523637218,2.589540271716087,-0.7546739810303151,0.1287879735772272,1.5561244108115069,0.8799446687686265
1997-02,2.744444719553415,-0.04891020364143219,-1.647880240897375,0.9702969989252238,-1.1445766097006627,1.164789726128356,-0.9702969989252238,1.1445766097006627,-1.647880240897375,2.744444719553415,-0.8483952222694036,0.08713980538771943,1.164789726128356,0.7869947572000218
1997-03,2.5229832519852673,-0.03328026101251628,-1.6901899061882268,0.9667663561926024,-0.9477006386115976,0.7596774787448732,-0.9667663561926024,0.9477006386115976,-1.6901899061882268,2.5229832519852673,-0.8617350836003715,-0.009532858790502419,0.7596774787448732,0.6028481970848167
1997-04,2.1365377860420582,0.07332481136504282,-1.5311762009695453,0.8354501625145548,-0.8328907801746428,0.6625931094773927,-0.8354501625145548,0.8328907801746428,-1.5311762009695453,2.1365377860420582,-0.7289256948022512,-0.001279691169956021,0.6625931094773927,0.5172313773868109
1997-05,2.652637338482594,0.08787478525052662,-1.3729607973218025,0.8901179222461626,-1.0372586991649873,0.7644906137635177,-0.8901179222461626,1.0372586991649873,-1.3729607973218025,2.652637338482594,-0.642543006035638,0.07357038845941233,0.7644906137635177,0.7120388336674714
1997-06,2.86643961636785,0.10282008476482454,-1.2937771409693357,0.9455592746734299,-1.3560385814429683,0.7516575068621596,-0.9455592746734299,1.3560385814429683,-1.2937771409693357,2.86643961636785,-0.5954785281022555,0.20523965338476918,0.7516575068621596,0.8069645621281307
1997-07,3.0843388418875324,0.5365686591267345,-1.2029995226811068,1.0155041799710958,-1.1389227889845257,0.913153758931567,-1.0155041799710958,1.1389227889845257,-1.2029995226811068,3.0843388418875324,-0.33321543177718616,0.06170930450671497,0.913153758931567,0.9314966183871571
1997-08,2.905660434665461,0.5507514954975754,-1.173822184852487,1.6051185647962445,-1.1029568396370355,1.2656655393642229,-1.6051185647962445,1.1029568396370355,-1.173822184852487,2.905660434665461,-0.3115353446774558,-0.2510808625796045,1.2656655393642229,0.902177441693156
1997-09,2.801566238107728,0.5653127699497567,-1.2774456900911053,1.7415337009768754,-1.2173469277165927,1.5112576172677887,-1.7415337009768754,1.2173469277165927,-1.2774456900911053,2.801566238107728,-0.35606646007067433,-0.26209338663014137,1.5112576172677887,0.9236660021686753
1997-10,2.7422076771960957,1.0538386895749456,-1.3625347175645353,1.7181778469956064,-1.0414721534862932,1.4650973605705855,-1.7181778469956064,1.0414721534862932,-1.3625347175645353,2.7422076771960957,-0.1543480139947948,-0.3383528467546566,1.4650973605705855,0.9286510442543074
1997-11,2.538231937077448,1.0577278138158033,-1.339725147570455,3.4279098701872552,-0.8059133982695191,1.0999507234195476,-3.4279098701872552,0.8059133982695191,-1.339725147570455,2.538231937077448,-0.14099866687732587,-1.310998235958868,1.0999507234195476,0.5465464394152004
1997-12,2.5987491805505836,1.0616404200744325,-1.244815108902717,2.054513784351194,-1.1439544573179887,0.6673111192439329,-2.054513784351194,1.1439544573179887,-1.244815108902717,2.5987491805505836,-0.09158734441414229,-0.45527966351660254,0.6673111192439329,0.679798322965943
1998-01,2.4842240438765697,1.4069731638701413,-1.111569899431305,1.5033840468528694,-0.9296568718557642,0.6646865413214358,-1.5033840468528694,0.9296568718557642,-1.111569899431305,2.4842240438765697,0.14770163221941812,-0.2868635874985526,0.6646865413214358,0.7524371574797177
1998-02,2.757320727497626,1.4053253092790934,-1.14877805276723,0.6612342755038512,-0.37631554017570357,0.8976386393044267,-0.6612342755038512,0.37631554017570357,-1.14877805276723,2.757320727497626,0.1282736282559317,-0.1424593676640738,0.8976386393044267,0.9101934068484776
1998-03,2.945681705033295,1.4036812731561619,-1.2778938685700842,0.6906921944331755,-0.8223686475242061,0.7709184137431347,-0.6906921944331755,0.8223686475242061,-1.2778938685700842,2.945681705033295,0.06289370229303881,0.0658382265455153,0.7709184137431347,0.961333011903746
1998-04,3.0003258891390567,1.8062685314853375,-1.2327947708284737,1.0857059544609606,-0.947624798294113,0.8204021617229549,-1.0857059544609606,0.947624798294113,-1.2327947708284737,3.0003258891390567,0.2867368803284319,-0.06904057808342384,0.8204021617229549,1.0096060882767548
1998-05,2.8273132189020527,1.7932264317571032,-0.9824157260774238,0.8276354716631975,0.028001590446005035,0.7622156772563523,-0.8276354716631975,-0.028001590446005035,-0.9824157260774238,2.8273132189020527,0.4054053528398397,-0.42781853105460127,0.7622156772563523,0.8917789294859108
1998-06,2.6958805493549627,1.7803939540900522,-0.7138215625448128,0.9896752275627607,-0.37819270645483727,0.5535056873568118,-0.9896752275627607,0.37819270645483727,-0.7138215625448128,2.6958805493549627,0.5332861957726197,-0.3057412605539617,0.5535056873568118,0.8692327929826081
1998-07,2.839078558403744,1.6809705690883707,-0.18754908427131528,0.6081816691423129,-0.8686815292169263,0.8604738033253297,-0.6081816691423129,0.8686815292169263,-0.18754908427131528,2.839078558403744,0.74671074240852775,0.13024993003730673,0.8604738033253297,1.1441282585437271
1998-08,2.282302494054936,1.6674042906033675,0.700630954096422,2.999736280948711,0.08849406646258019,0.7519195170181726,-2.999736280948711,-0.08849406646258019,0.700630954096422,2.282302494054936,1.1840176223498946,-1.5441151737056455,0.7519195170181726,0.6685311149293395
1998-09,1.9164828743645936,1.654071015588556,1.3015482965920815,4.014028488335389,-0.6790200362272455,0.5740859225882714,-4.014028488335389,0.6790200362272455,1.3015482965920815,1.9164828743645936,1.4778096560903187,-1.6675042260540716,0.5740859225882714,0.575218556747278
1998-10,1.913027603351277,1.6834577044071144,1.453918882611536,3.4694372822303685,-0.8544194884123228,0.21423212264979977,-3.4694372822303685,0.8544194884123228,1.453918882611536,1.913027603351277,1.5686882935093251,-1.307508896909023,0.21423212264979977,0.5971097806503447
1998-11,2.439541386764614,1.6699567115522922,1.595657042788142,1.5424646865197456,-0.5523982761864695,0.6673426611656954,-1.5424646865197456,0.5523982761864695,1.595657042788142,2.439541386764614,1.632806877170217,-0.495033205166638,0.6673426611656954,1.0611644299834722
1998-12,2.5877975552273402,1.6566864157547112,1.9658142965195449,1.3879286577552077,-0.371623316579585,1.1374870833824822,-1.3879286577552077,0.371623316579585,1.9658142965195449,2.5877975552273402,1.811250356137128,-0.5081526705878113,1.1374870833824822,1.2570955810397846
1999-01,2.762228526542729,1.5970513161720248,2.2240596851191015,1.8141249306499116,-0.6321640177804849,1.8943563698038164,-1.8141249306499116,0.6321640177804849,2.2240596851191015,2.762228526542729,1.9105555006455632,-0.5909804564347134,1.8943563698038164,1.4940399851393489
1999-02,2.6366652613452204,1.5858035360059184,2.000253496956,1.9133282004149241,-0.7501335316865607,1.8636986189631182,-1.9133282004149241,0.7501335316865607,2.000253496956,2.6366652613452204,1.7930285164809594,-0.5815973343641817,1.8636986189631182,1.427948765606279
1999-03,2.6822773019319337,1.5747200460978816,1.5682652396318426,1.2763282593146306,-0.19375523555382596,1.6933623349833775,-1.2763282593146306,0.19375523555382596,1.5682652396318426,2.6822773019319337,1.5714926428648621,-0.5412865118804023,1.6933623349833775,1.3514614419749427
1999-04,2.7706360386769884,1.0602882046140794,1.2912161291975661,0.9452045846817273,0.306984259025591,1.8375573758929746,-0.9452045846817273,-0.306984259025591,1.2912161291975661,2.7706360386769884,1.1757521669058226,-0.6260944218536592,1.8375573758929746,1.2894627899055315
1999-05,2.6499424216662093,1.0613123914799552,1.3516878762181146,1.4073993412763595,-0.14925919915522573,1.7204495341995247,-1.4073993412763595,0.14925919915522573,1.3516878762181146,2.6499424216662093,1.2065001338490349,-0.6290700710605669,1.7204495341995247,1.2369555046635505
1999-06,2.5082445326995635,1.0623381645922367,1.5665229892130585,0.9464165737281981,-0.280871609598136,1.7819994945150854,-0.9464165737281981,0.280871609598136,1.5665229892130585,2.5082445326995635,1.3144305769026476,-0.33277248206503107,1.7819994945150854,1.3179755305130665
1999-07,2.635854054053141,1.3448047481781564,1.877797640121843,0.4906846870023507,-0.6578708922895311,2.125802674059829,-0.4906846870023507,0.6578708922895311,1.877797640121843,2.635854054053141,1.6113011941499997,0.08359310264359021,2.125802674059829,1.61413775622664
1999-08,2.3070044954273596,1.3362992366281867,2.258160537407006,1.0584213340202213,-0.6328407299558527,2.098231131728255,-1.0584213340202213,0.6328407299558527,2.258160537407006,2.3070044954273596,1.7972298870175965,-0.2127903020321843,2.098231131728255,1.4974188030352567
1999-09,2.163951204155094,1.327892730501222,2.435489692737047,1.0865430304201604,-0.4810433953065664,2.686313861408662,-1.0865430304201604,0.4810433953065664,2.435489692737047,2.163951204155094,1.8816912116191344,-0.302749817556797,2.686313861408662,1.6073016149065233
1999-10,2.011198191320513,0.9929034417490741,2.257928592662584,0.9866023714866229,-0.42051774317328333,2.7467481980971975,-0.9866023714866229,0.42051774317328333,2.257928592662584,2.011198191320513,1.6254160172058292,-0.2830423141566698,2.7467481980971975,1.5250800231167174
1999-11,2.2820678589073844,0.986911315692057,2.140227002892968,0.5950908909298137,-0.729952362524453,3.301529556520689,-0.5950908909298137,0.729952362524453,2.140227002892968,2.2820678589073844,1.5635691592925125,0.06743073579731962,3.301529556520689,1.8036493276294765
1999-12,2.332347589290787,0.9809687279936878,2.4267434582631573,0.6307457813129684,-0.10613712595863974,4.251090604802593,-0.6307457813129684,0.10613712595863974,2.4267434582631573,2.332347589290787,1.7038560931284226,-0.26230432767716433,4.251090604802593,2.0062474898861598
2000-01,2.2145858591294347,0.8676692531750768,2.6934471783030838,0.8366917185686096,-0.5788072846618166,4.589199406640863,-0.8366917185686096,0.5788072846618166,2.6934471783030838,2.2145858591294347,1.7805582157390802,-0.12894221695339647,4.589199406640863,2.113850316138995
2000-02,1.9738962597894987,0.8625787804338342,2.6676883258458592,0.9054978050540464,-0.5957503772625079,5.219473943252774,-0.9054978050540464,0.5957503772625079,2.6676883258458592,1.9738962597894987,1.7651335531398467,-0.15487371389576926,5.219473943252774,2.2009075105715876
2000-03,2.0441658633671307,0.8575230747459892,2.3434496463631307,0.7447952756310867,-0.8859946431637337,5.0620587583916095,-0.7447952756310867,0.8859946431637337,2.3434496463631307,2.0441658633671307,1.60048636055456,0.07059968376632347,5.0620587583916095,2.194327666519906
2000-04,2.028666143737354,1.079052683232352,1.8426090923187688,1.508797240543775,-0.9080796844412985,2.8759811635866503,-1.508797240543775,0.9080796844412985,1.8426090923187688,2.028666143737354,1.4608308877755602,-0.3003587780512383,2.8759811635866503,1.5162798542620815
2000-05,1.8052782395617653,1.0665546014154634,1.41248727761244,1.3477905948249793,-0.23348436424769384,2.34752300036363,-1.3477905948249793,0.23348436424769384,1.41248727761244,1.8052782395617653,1.2395209395139517,-0.5571531152886428,2.34752300036363,1.2087922660376762
2000-06,1.8553297466285044,1.0542533932418208,1.0400115173763245,0.5005177297298552,-0.5528677556932443,2.6913616000768887,-0.5005177297298552,0.5528677556932443,1.0400115173763245,1.8553297466285044,1.0471324553090726,0.026175012981694556,2.6913616000768887,1.40499970374904
2000-07,1.8115785258527417,0.4605719097587097,0.6113122107213352,0.2122059667465118,-0.8241250754907682,2.8083843608976884,-0.2122059667465118,0.8241250754907682,0.6113122107213352,1.8115785258527417,0.5359420602400224,0.3059595543721282,2.8083843608976884,1.365466125340645
2000-08,1.7854905484821744,0.45748293573368726,0.10787581701876452,-0.08757195659488179,-0.9517587512690503,2.4701512350200927,0.08757195659488179,0.9517587512690503,0.10787581701876452,1.7854905484821744,0.28267937637622587,0.519665353931966,2.4701512350200927,1.2644966284526147
2000-09,1.6444838371293409,0.4544025728432938,-0.3604585647247085,0.2101252299250138,-0.7998296228108013,2.418707961619703,-0.2101252299250138,0.7998296228108013,-0.3604585647247085,1.6444838371293409,0.04697200405929264,0.29485219644289373,2.418707961619703,1.1012539998128075
2000-10,1.3386136338150707,0.3822133452588694,-0.6529166486752183,1.2119946152633745,-0.23315841147997038,1.7543195176784336,-1.2119946152633745,0.23315841147997038,-0.6529166486752183,1.3386136338150707,-0.13535165170817443,-0.48941810189170204,1.7543195176784336,0.617040849473407
2000-11,1.2520585814927538,0.3768821936799305,-1.0134309489429043,1.4187169053937776,-0.9577638797613899,1.2636964551843806,-1.4187169053937776,0.9577638797613899,-1.0134309489429043,1.2520585814927538,-0.3182743776314869,-0.23047651281619386,1.2636964551843806,0.4917510365573634
2000-12,1.0651018080536012,0.3715648648218944,-1.6524889219281165,1.4326479987202192,-0.9353061630154249,0.6735965786696851,-1.4326479987202192,0.9353061630154249,-1.6524889219281165,1.0651018080536012,-0.6404620285531111,-0.24867091785239714,0.6735965786696851,0.21239136007944454
2001-01,1.0160663311847022,-0.2953421329286032,-2.1294442564532057,1.1543643409034756,-1.0858843241643679,0.6401968810468701,-1.1543643409034756,1.0858843241643679,-2.1294442564532057,1.0160663311847022,-1.2123931946909043,-0.034240008369553876,0.6401968810468701,0.10240750229277854
2001-02,0.8711347647705638,-0.3013648220337295,-2.2390476265577415,0.879341716492441,-1.111951008734626,0.32640281594241777,-0.879341716492441,1.111951008734626,-2.2390476265577415,0.8711347647705638,-1.2702062242957355,0.11630464612109254,0.32640281594241777,0.010909000634584665
2001-03,0.46267587140922944,-0.3074358675858449,-2.2091634130345774,1.7517151605381776,-0.8084649849450499,-0.22369628154284799,-1.7517151605381776,0.8084649849450499,-2.2091634130345774,0.46267587140922944,-1.2582996403102111,-0.4716250877965638,-0.22369628154284799,-0.3727362845600984
2001-04,0.43321432512057634,-0.5071309081753596,-2.1214596181498426,1.652697732314513,-1.3160918211822332,-0.36812258711209545,-1.652697732314513,1.3160918211822332,-2.1214596181498426,0.43321432512057634,-1.314295263162601,-0.16830295556613983,-0.36812258711209545,-0.354376620180065
2001-05,0.638227080237849,-0.516893701096644,-2.0545773238598994,0.734888903395311,-0.8371957863300961,-0.1292539541354415,-0.734888903395311,0.8371957863300961,-2.0545773238598994,0.638227080237849,-1.2857355124782717,0.051153441467392535,-0.1292539541354415,-0.1814022362271179
2001-06,0.511362908352153,-0.5268195614091876,-2.0479994967994237,0.3794931129008928,-0.2768267801552439,-0.17231433614182404,-0.3794931129008928,0.2768267801552439,-2.0479994967994237,0.511362908352153,-1.2874095291043057,-0.05133316637282445,-0.17231433614182404,-0.2499235308167003
2001-07,0.39483107481607804,-0.7034746434464088,-1.987678113449835,0.6114768540802663,-0.785427719053513,-0.2282191185497285,-0.6114768540802663,0.785427719053513,-1.987678113449835,0.39483107481607804,-1.3455763784481218,0.08697543248662337,-0.2282191185497285,-0.2729972474237872
2001-08,0.2956473055305112,-0.720289218146763,-1.7994904939596146,0.5233461849005603,-0.627012647011189,-0.38043922159452515,-0.5233461849005603,0.627012647011189,-1.7994904939596146,0.2956473055305112,-1.2598898560531888,0.051833231055314344,-0.38043922159452515,-0.3232121352654721
2001-09,-0.15047243935739593,-0.7376381944203931,-1.6126240227187603,2.7118832670585538,9.644506595296093,-0.7541992999228416,-2.7118832670585538,-9.644506595296093,-1.6126240227187603,-0.15047243935739593,-1.1751311085695768,-6.178194931177323,-0.7541992999228416,-2.0644994447567844
2001-10,-0.05378746191206353,-0.987456504532888,-1.5137437946869314,2.2457016537870054,7.328977078473092,-0.6694218232028107,-2.2457016537870054,-7.328977078473092,-1.5137437946869314,-0.05378746191206353,-1.2506001496099097,-4.787339366130048,-0.6694218232028107,-1.690287200213708
2001-11,0.10471225714308248,-1.0185480253608894,-1.3766928185125944,1.218548007008859,3.576041140294661,-0.34825037811137377,-1.218548007008859,-3.576041140294661,-1.3766928185125944,0.10471225714308248,-1.197620421936742,-2.39729457365176,-0.34825037811137377,-0.9596132791391984
2001-12,0.15218424492997787,-1.051462663110625,-1.1515632828060651,0.7309510380363072,2.3603438336160485,-0.1530776133734962,-0.7309510380363072,-2.3603438336160485,-1.1515632828060651,0.15218424492997787,-1.101512972958345,-1.5456474358261778,-0.1530776133734962,-0.6620134443070103
2002-01,0.1158821634100123,-1.1546956043034726,-0.919296380870789,0.4836407655374119,1.337885106005727,-0.14153926477328646,-0.4836407655374119,-1.337885106005727,-0.919296380870789,0.1158821634100123,-1.0369959925871308,-0.9107629357715695,-0.14153926477328646,-0.4933540074304936
2002-02,-0.037534829420810024,-1.1813344345154466,-0.7593312167236017,0.5778070865743627,0.915263962133674,-0.42560899794788215,-0.5778070865743627,-0.915263962133674,-0.7593312167236017,-0.037534829420810024,-0.9703328256195242,-0.7465355243540184,-0.42560899794788215,-0.5450030443355587
2002-03,0.09763109953270205,-1.2091929124718213,-0.7885140514132245,-0.06149726695963786,0.9928147818694846,-0.4867323020589995,0.06149726695963786,-0.9928147818694846,-0.7885140514132245,0.09763109953270205,-0.9988534819425229,-0.46565875745492336,-0.4867323020589995,-0.46340336048093594
2002-04,-0.06909433522137912,-1.7791238430993566,-0.9154183655914451,0.08401611742446881,1.0642189916995977,-0.5862574621244788,-0.08401611742446881,-1.0642189916995977,-0.9154183655914451,-0.06909433522137912,-1.3472711043454009,-0.5741175545620333,-0.5862574621244788,-0.644185114063323
2002-05,-0.18714184027734235,-1.8012354346421755,-0.9660962737075577,0.10810163519127088,1.1373175787671626,-0.7159708365378529,-0.10810163519127088,-1.1373175787671626,-0.9660962737075577,-0.18714184027734235,-1.3836658541748665,-0.6227096069792167,-0.7159708365378529,-0.7273720344923196
2002-06,-0.4122773605340689,-1.8240028443265541,-0.9802658517556715,0.9444420594809214,0.9118020760531188,-0.8748166212061432,-0.9444420594809214,-0.9118020760531188,-0.9802658517556715,-0.4122773605340689,-1.4021343480411128,-0.9281220677670201,-0.8748166212061432,-0.9043375993870864
2002-07,-0.7842486562525464,-1.9999701820381184,-0.9841354290941349,2.3121787178210615,0.4983119389055769,-0.8657465641767371,-2.3121787178210615,-0.4983119389055769,-0.9841354290941349,-0.7842486562525464,-1.4920528055661266,-1.4052453283633193,-0.8657465641767371,-1.1368233385896824
2002-08,-0.7751976811931999,-2.0084467946031705,-0.8907345863044143,2.1976515886212544,0.5574712686098614,-0.9720029777138816,-2.1976515886212544,-0.5574712686098614,-0.8907345863044143,-0.7751976811931999,-1.4495906904537925,-1.377561428615558,-0.9720029777138816,-1.143588194494108
2002-09,-0.9339765800760776,-2.0170108490303806,-0.6890823603000512,2.707253887790457,1.2681236432249312,-1.012198379871719,-2.707253887790457,-1.2681236432249312,-0.6890823603000512,-0.9339765800760776,-1.3530466046652159,-1.987688765507694,-1.012198379871719,-1.3217275825301764
2002-10,-0.9914209835765763,-1.9688659804165722,-0.527800811966514,2.2657148492835706,1.2045618494929013,-0.9804681929543615,-2.2657148492835706,-1.2045618494929013,-0.527800811966514,-0.9914209835765763,-1.248333396191543,-1.735138349388236,-0.9804681929543615,-1.2388402305276793
2002-11,-0.8227363937524562,-1.9646345511982053,-0.34629808041583854,1.181291179980349,0.9967908104211228,-0.7052558716236068,-1.181291179980349,-0.9967908104211228,-0.34629808041583854,-0.8227363937524562,-1.155466315807022,-1.0890409952007358,-0.7052558716236068,-0.9431248940959552
2002-12,-0.859703614782694,-1.9604246453357348,-0.12148249316943281,1.1671806512458125,1.228516494368943,-0.7234900958904662,-1.1671806512458125,-1.228516494368943,-0.12148249316943281,-0.859703614782694,-1.0409535692525838,-1.1978485728073778,-0.7234900958904662,-0.9554989631832804
2003-01,-0.8904308950546256,-2.036316117509544,0.046086807186149964,1.0320086796395458,1.6592235494086036,-0.6976432031547481,-1.0320086796395458,-1.6592235494086036,0.046086807186149964,-0.8904308950546256,-0.9951146551616971,-1.3456161145240748,-0.6976432031547481,-0.9822012169737864
2003-02,-1.1075467279309361,-2.0185134578029063,0.0633359482552409,1.7162018223960038,2.092209007005641,-0.646696926804441,-1.7162018223960038,-2.092209007005641,0.0633359482552409,-1.1075467279309361,-0.9775887547738327,-1.9042054147008223,-0.646696926804441,-1.159009456052508
2003-03,-1.0958518294916766,-2.001075492421898,-0.08323433349398816,1.4525125170093118,3.579988278606447,-0.5798081907310321,-1.4525125170093118,-3.579988278606447,-0.08323433349398816,-1.0958518294916766,-1.042154912957943,-2.5162503978078794,-0.5798081907310321,-1.3085163327471327
2003-04,-0.9570937143429435,-1.8849115851777842,-0.27385431136692395,0.4538581645638412,2.1111966897965138,-0.6082152371522833,-0.4538581645638412,-2.1111966897965138,-0.27385431136692395,-0.9570937143429435,-1.079382948272354,-1.2825274271801774,-0.6082152371522833,-0.9818048317369397
2003-05,-0.8145901317678518,-1.859879918977582,-0.38908821301553226,-0.11551972178200576,0.842276574852261,-0.4813180208795248,0.11551972178200576,-0.842276574852261,-0.38908821301553226,-0.8145901317678518,-1.1244840659965571,-0.36337842653512764,-0.4813180208795248,-0.6959426612947653
2003-06,-0.6626580067071027,-1.8355830157660447,-0.4141538219486223,-0.10761224389927616,0.6171551210605526,-0.4168509816529039,0.10761224389927616,-0.6171551210605526,-0.4141538219486223,-0.6626580067071027,-1.1248684188573335,-0.2547714385806382,-0.4168509816529039,-0.6147872114494947
2003-07,-0.665026051437638,-1.6260119251113447,-0.36639792973183827,-0.30136174559582735,0.469936476885965,-0.19235849676386826,0.30136174559582735,-0.469936476885965,-0.36639792973183827,-0.665026051437638,-0.9962049274215915,-0.08428736564506883,-0.19235849676386826,-0.48446921031704165
2003-08,-0.7016954918796642,-1.6037155671881531,-0.17617286495464402,-0.29583119639738786,0.5094387720378489,-0.15713020290914484,0.29583119639738786,-0.5094387720378489,-0.17617286495464402,-0.7016954918796642,-0.8899442160713986,-0.10680378782023053,-0.15713020290914484,-0.4638934246701096
2003-09,-0.6309109365197536,-1.5820315604039212,-7.588727626522595e-5,-0.26635572311325884,0.2380990373693453,0.06617767945848535,0.26635572311325884,-0.2380990373693453,-7.588727626522595e-5,-0.6309109365197536,-0.7910537238400932,0.014128342871956773,0.06617767945848535,-0.33541465950735116
2003-10,-0.5809633307028599,-1.6308610909045027,0.028163266674781702,-0.511667237968624,0.10569468603429152,0.10874260241330443,0.511667237968624,-0.10569468603429152,0.028163266674781702,-0.5809633307028599,-0.8013489121148605,0.20298627596716623,0.10874260241330443,-0.26764584110931244
2003-11,-0.5535112920125649,-1.602141428451363,0.09606332555147247,-0.6153206248097921,0.23252719240471695,0.13437807963294116,0.6153206248097921,-0.23252719240471695,0.09606332555147247,-0.5535112920125649,-0.7530390514499453,0.19139671620253756,0.13437807963294116,-0.24519388690675784
2003-12,-0.47096250467949546,-1.574398882584738,0.19570965621698364,-0.7182311211810152,0.37907883618196164,0.023918168572589812,0.7182311211810152,-0.37907883618196164,0.19570965621698364,-0.47096250467949546,-0.6893446131838772,0.16957614249952677,0.023918168572589812,-0.241703201697814
2004-01,-0.34458564350420195,-1.1563330071155398,0.12888755885834413,-0.8455193047096163,0.16180419879140814,0.14171778767239676,0.8455193047096163,-0.16180419879140814,0.12888755885834413,-0.34458564350420195,-0.5137227241285978,0.3418575529591041,0.14171778767239676,-0.09368325675032474
2004-02,-0.3549597650765774,-1.1395001064734278,-0.07926940887581849,-0.8677964614657384,0.1835679205641753,-0.040841119789767885,0.8677964614657384,-0.1835679205641753,-0.07926940887581849,-0.3549597650765774,-0.6093847576746232,0.3421142704507816,-0.040841119789767885,-0.16576784302254674
2004-03,-0.46618114997476423,-1.1230051868987492,-0.12040564866197706,-0.6032249646847966,0.49182806106022814,-0.13207835901549173,0.6032249646847966,-0.49182806106022814,-0.12040564866197706,-0.46618114997476423,-0.6217054177803631,0.05569845181228422,-0.13207835901549173,-0.2910666187395837
2004-04,-0.475915044253925,-1.0270905576657972,0.09910756017021898,-0.9194678349318036,0.6330604895817902,-0.06987551581338398,0.9194678349318036,-0.6330604895817902,0.09910756017021898,-0.475915044253925,-0.4639914987477891,0.14320367267500672,-0.06987551581338398,-0.21664459653502285
2004-05,-0.6219919801165046,-1.0127890730345301,0.3392175321347655,-0.6067128865538588,0.25038081077753277,-0.17161588963481514,0.6067128865538588,-0.25038081077753277,0.3392175321347655,-0.6219919801165046,-0.33678577044988234,0.17816603788816301,-0.17161588963481514,-0.23805690057825976
2004-06,-0.5645300034056028,-0.9987232710147205,0.4100558193300768,-0.991461279674702,0.4635090154046356,-0.1281364802140229,0.991461279674702,-0.4635090154046356,0.4100558193300768,-0.5645300034056028,-0.29433372584232187,0.2639761321350332,-0.1281364802140229,-0.1807560193317286
2004-07,-0.671743794898529,-0.8697046940484321,0.37293311283730884,-0.9745943594441013,0.37697231631445444,-0.2419785256677367,0.9745943594441013,-0.37697231631445444,0.37293311283730884,-0.671743794898529,-0.24838579060556162,0.2988110215648234,-0.2419785256677367,-0.21582427240175098
2004-08,-0.754733663939252,-0.8579370295028592,0.3197789645892394,-0.7959191232445181,0.49628769337375067,-0.41221842072139,0.7959191232445181,-0.49628769337375067,0.3197789645892394,-0.754733663939252,-0.2690790324568099,0.1498157149353837,-0.41221842072139,-0.32155385054551705
2004-09,-0.6953457681180044,-0.846315504563449,0.34953309806991795,-1.223329189590131,0.6686706403487226,-0.3734459237223644,1.223329189590131,-0.6686706403487226,0.34953309806991795,-0.6953457681180044,-0.2483912032467655,0.2773292746207042,-0.3734459237223644,-0.25996340511660754
2004-10,-0.7423249528226447,-0.40895815150460907,0.46939747559942707,-1.0767439180954894,0.21414040305110296,-0.23163845883751338,1.0767439180954894,-0.21414040305110296,0.46939747559942707,-0.7423249528226447,0.030219662047409,0.43130175752219324,-0.23163845883751338,-0.12811049802263896
2004-11,-0.6049282286519888,-0.4023391375551985,0.5544960294537031,-1.2955258719080347,0.24790590805305068,-0.14598278813940666,1.2955258719080347,-0.24790590805305068,0.5544960294537031,-0.6049282286519888,0.07607844594925231,0.523809981927492,-0.14598278813940666,-0.03775564722866281
2004-12,-0.5229534596632016,-0.39573820265988485,0.5417147720854447,-1.4703913540724989,0.07622347846573842,-0.06804395361831023,1.4703913540724989,-0.07622347846573842,0.5417147720854447,-0.5229534596632016,0.07298828471277993,0.6970839378033802,-0.06804395361831023,0.044768702308662076
2005-01,-0.6143440860301872,-0.4800911528922278,0.5246027618473257,-1.3163080867232677,-0.04571867018329901,-0.18669872741472063,1.3163080867232677,0.04571867018329901,0.5246027618473257,-0.6143440860301872,0.022255804477548935,0.6810133784532834,-0.18669872741472063,-0.024443407628518883
2005-02,-0.6042731385885857,-0.4734899294221312,0.5607265390100521,-1.5982997109378911,0.05825017222749029,-0.28400869088822756,1.5982997109378911,-0.05825017222749029,0.5607265390100521,-0.6042731385885857,0.04361830479396045,0.7700247693552005,-0.28400869088822756,-0.018659688831913074
2005-03,-0.6732099121636346,-0.46691560394455056,0.6242090566232283,-1.3718446220994092,-0.18952450955930203,-0.353646718085945,1.3718446220994092,0.18952450955930203,0.6242090566232283,-0.6732099121636346,0.07864672633933889,0.7806845658293556,-0.353646718085945,-0.04188133452022126
2005-04,-0.818149672894128,-0.1672237184046325,0.7060775159267649,-1.1618089880241127,-0.23304598638372917,-0.4096148853864863,1.1618089880241127,0.23304598638372917,0.7060775159267649,-0.818149672894128,0.26942689876106624,0.6974274872039209,-0.4096148853864863,-0.06522754307890681
2005-05,-0.7905324548568484,-0.16216800103361914,0.7751753137456908,-1.2484320688617119,-0.08567046208173268,-0.34935013031529816,1.2484320688617119,0.08567046208173268,0.7751753137456908,-0.7905324548568484,0.3065036563560358,0.6670512654717222,-0.34935013031529816,-0.04158191583609713
2005-06,-0.735528945610424,-0.15710893680570537,0.8374150880446308,-1.5923789830107753,-0.3100662291533932,-0.28091133381979233,1.5923789830107753,0.3100662291533932,0.8374150880446308,-0.735528945610424,0.34015307561946273,0.9512226060820843,-0.28091133381979233,0.06873385056783267
2005-07,-0.7088182876250215,-0.1998290190242326,0.9114328104648259,-1.7192159323429657,0.8080230216660111,-0.1911701671224658,1.7192159323429657,-0.8080230216660111,0.9114328104648259,-0.7088182876250215,0.35580189572029663,0.45559645533847726,-0.1911701671224658,-0.022147525922178356
2005-08,-0.7430963711405569,-0.1955330305470828,0.9321635642825719,-1.4090161223667286,0.1485838969082894,-0.16772207578115503,1.4090161223667286,-0.1485838969082894,0.9321635642825719,-0.7430963711405569,0.3683152668677445,0.6302161127292196,-0.16772207578115503,0.021928233168813045
2005-09,-0.8022773917690729,-0.19123831029654242,0.8079253063867445,-1.4643397959787483,-0.01963742205106645,-0.20542645589620565,1.4643397959787483,0.01963742205106645,0.8079253063867445,-0.8022773917690729,0.3083434980451011,0.7419886090149074,-0.20542645589620565,0.010657064848682486
2005-10,-0.9318821794366695,-0.1435026301785201,0.5222203326537881,-1.088190024638519,-0.24408859133640012,-0.20061760942825646,1.088190024638519,0.24408859133640012,0.5222203326537881,-0.9318821794366695,0.189358851237634,0.6661393079874596,-0.20061760942825646,-0.06925040740995811
2005-11,-0.7777757794555341,-0.13956924697712206,0.27255701442048863,-1.543674634708576,-0.29250463570916696,-0.11361068988149427,1.543674634708576,0.29250463570916696,0.27255701442048863,-0.7777757794555341,0.06649388372168329,0.9180896352088714,-0.11361068988149427,0.02329926239838159
2005-12,-0.7039321477079921,-0.1356349749434036,0.2202468354840905,-1.6864360152587472,-0.13832349166268765,-0.11726503285955804,1.6864360152587472,0.13832349166268765,0.2202468354840905,-0.7039321477079921,0.04230593027034345,0.9123797534607174,-0.11726503285955804,0.0333721257908777
2006-01,-0.7028130540263756,0.033480019684147544,0.31125282537446225,-1.5532284770309301,-0.15167112059113472,-0.08703438100362035,1.5532284770309301,0.15167112059113472,0.31125282537446225,-0.7028130540263756,0.1723664225293049,0.8524497988110324,-0.08703438100362035,0.058742196577585344
2006-02,-0.736496199056043,0.0340440694206011,0.2943092735490568,-1.4723166775168088,-0.1355055807590276,-0.11908471209672608,1.4723166775168088,0.1355055807590276,0.2943092735490568,-0.736496199056043,0.16417667148482895,0.8039111291379182,-0.11908471209672608,0.028126722367494507
2006-03,-0.7258125234162407,0.03460817304200135,0.16291497103426753,-1.5760603744931074,-0.17746252001977583,-0.13030642387670152,1.5760603744931074,0.17746252001977583,0.16291497103426753,-0.7258125234162407,0.09876157203813443,0.8767614472564417,-0.13030642387670152,0.029851018000408465
2006-04,-0.7544425542841212,0.18939562706504318,0.05647558794239705,-1.5337247535311596,-0.22828994249871173,-0.07738145757864877,1.5337247535311596,0.22828994249871173,0.05647558794239705,-0.7544425542841212,0.12293560750372011,0.8810073480149356,-0.07738145757864877,0.04302973591397144
2006-05,-0.8295842210829188,0.18771922793190265,0.012303544015456726,-1.112676156548884,-0.2814026974403504,-0.2410645105791703,1.112676156548884,0.2814026974403504,0.012303544015456726,-0.8295842210829188,0.10001138597367969,0.6970394269946172,-0.2410645105791703,-0.06839947967344809
2006-06,-0.9626023831639049,0.18604383361915103,0.03220080529442651,-0.721127571252082,-0.05382648860970162,-0.3431545298279551,0.721127571252082,0.05382648860970162,0.03220080529442651,-0.9626023831639049,0.10912231945678877,0.38747702993089184,-0.3431545298279551,-0.20228939090104486
2006-07,-0.9697513380855588,0.21852449469675136,0.08499473556911713,-0.9689095455152809,0.4007851002869911,-0.49178477701263745,0.9689095455152809,-0.4007851002869911,0.08499473556911713,-0.9697513380855588,0.15175961513293423,0.2840622226141449,-0.49178477701263745,-0.25642856933777924
2006-08,-0.9161845991036544,0.2172250406555858,0.07213124951368503,-1.2751930204576722,0.5257924073293364,-0.5199816029136245,1.2751930204576722,-0.5257924073293364,0.07213124951368503,-0.9161845991036544,0.14467814508463542,0.3747003065641679,-0.5199816029136245,-0.2291969375921189
2006-09,-0.8272208757950799,0.21592640222370085,0.027421128363070674,-1.4450691729493252,0.052036435049083625,-0.39569172754032655,1.4450691729493252,-0.052036435049083625,0.027421128363070674,-0.8272208757950799,0.12167376529338576,0.6965163689501208,-0.39569172754032655,-0.10118061727297495
2006-10,-0.6917595309549247,0.39605227291190986,0.046647297983348386,-1.5644128905746977,0.0645829004515353,-0.3257040477245469,1.5644128905746977,-0.0645829004515353,0.046647297983348386,-0.6917595309549247,0.22134978544762912,0.7499149950615812,-0.3257040477245469,-0.011549699542565323
2006-11,-0.6318745464861808,0.39081516439847963,0.09437297545773018,-1.620603798359857,-0.2646664510835848,-0.2501517982128502,1.620603798359857,0.2646664510835848,0.09437297545773018,-0.6318745464861808,0.2425940699281049,0.9426351247217208,-0.2501517982128502,0.07580071248769867
2006-12,-0.5784480496771801,0.3855927495524154,0.1575776122105548,-1.5712308332467337,-0.24210306979294569,-0.30232026960269903,1.5712308332467337,0.24210306979294569,0.1575776122105548,-0.5784480496771801,0.2715851808814851,0.9066669515198397,-0.30232026960269903,0.0743709532803614
2007-01,-0.5871643875200254,0.449347620204674,0.21929709344305806,-1.5335697854940558,-0.14941531681182568,-0.2846540180802973,1.5335697854940558,0.14941531681182568,0.21929709344305806,-0.5871643875200254,0.334322356823866,0.8414925511529407,-0.2846540180802973,0.07599912559412102
2007-02,-0.5675876764944738,0.44525672580963266,0.21325487154610717,-1.491086285713858,-0.1784390967220396,-0.30375492967018797,1.491086285713858,0.1784390967220396,0.21325487154610717,-0.5675876764944738,0.3292557986778699,0.8347626912179488,-0.30375492967018797,0.07316897093278922
2007-03,-0.7269037598347244,0.44117903299665073,0.21593753107140942,-0.8789234950959915,-0.30094213215864946,-0.33477423126709727,0.8789234950959915,0.30094213215864946,0.21593753107140942,-0.7269037598347244,0.3285582820340301,0.5899328136273205,-0.33477423126709727,-0.03579672386011777
2007-04,-0.6133710499707706,0.7834919075901582,0.3040639905632578,-1.1979193007245925,-0.447301121405223,-0.3351128993217916,1.1979193007245925,0.447301121405223,0.3040639905632578,-0.6133710499707706,0.543777949076708,0.8226102110649077,-0.3351128993217916,0.10447605271226336
2007-05,-0.5243884773708967,0.7757093484103373,0.4265070129426352,-1.129305810131233,-0.23668730085605927,-0.3740253878069401,1.129305810131233,0.23668730085605927,0.4265070129426352,-0.5243884773708967,0.6011081806764863,0.6829965554936461,-0.3740253878069401,0.09642271774807391
2007-06,-0.5384127347772407,0.7679963308104255,0.6976142073300482,-0.8752775563145647,-0.1713765346440005,-0.32097958426655515,0.8752775563145647,0.1713765346440005,0.6976142073300482,-0.5384127347772407,0.7328052690702369,0.5233270454792827,-0.32097958426655515,0.09918499887643092
2007-07,-0.5327438446521965,1.373796772636374,1.135643249116362,-0.5267444716202002,0.016302400121119817,-0.22765299678477474,0.5267444716202002,-0.016302400121119817,1.135643249116362,-0.5327438446521965,1.254720010876368,0.2552210357495402,-0.22765299678477474,0.1873860512972343
2007-08,-0.7117081742176232,1.356876740206723,1.567252254637165,0.6152712016984528,-0.3854051413329298,-0.2286730682583585,-0.6152712016984528,0.3854051413329298,1.567252254637165,-0.7117081742176232,1.4620644974219439,-0.11493303018276152,-0.2286730682583585,0.10168755619080014
2007-09,-0.6169827546206323,1.340323651878293,1.9554209728146341,0.20027757930981355,-0.23780961806919465,-0.18664483861982137,-0.20027757930981355,0.23780961806919465,1.9554209728146341,-0.6169827546206323,1.6478723123464636,0.01876601937969055,-0.18664483861982137,0.2157526846214251
2007-10,-0.5217529790616257,1.3716433343077032,2.3298843860169183,-0.24919994255494404,-0.1485763812809665,-0.04878132572635039,0.24919994255494404,0.1485763812809665,2.3298843860169183,-0.5217529790616257,1.8507638601623109,0.19888816191795528,-0.04878132572635039,0.3697794293230725
2007-11,-0.7486584284480136,1.3613814561501183,2.7228935341002174,0.7212703643660349,-0.3128427688158765,-0.010318606641279504,-0.7212703643660349,0.3128427688158765,2.7228935341002174,-0.7486584284480136,2.042137495125168,-0.20421379777507917,-0.010318606641279504,0.26973666556519893
2007-12,-0.7045977867822075,1.3512616892100024,2.861954762338794,0.14092724635455328,-0.248437988699068,-0.0758393395023072,-0.14092724635455328,0.248437988699068,2.861954762338794,-0.7045977867822075,2.1066082257743983,0.05375537117225736,-0.0758393395023072,0.34498161766553526
2008-01,-0.9778755069109537,1.3241126512754675,2.7394893189448126,0.7604536191280096,-0.4384199142541845,-0.21620369684822618,-0.7604536191280096,0.4384199142541845,2.7394893189448126,-0.9778755069109537,2.03180098511014,-0.16101685243691255,-0.21620369684822618,0.16917623222851194
2008-02,-1.037777871420971,1.3209209344540436,2.6350842422403042,0.698456886633095,-0.44920645797582837,-0.3295127514237627,-0.698456886633095,0.44920645797582837,2.6350842422403042,-1.037777871420971,1.978002588347174,-0.12462521432863333,-0.3295127514237627,0.12152168779345171
2008-03,-1.1491683661334842,1.3177436608305462,2.6360832540082875,0.9320395789332783,-0.49537255213963644,-0.34469493320580447,-0.9320395789332783,0.49537255213963644,2.6360832540082875,-1.1491683661334842,1.9769134574194167,-0.21833351339682092,-0.34469493320580447,0.06617916117082678
2008-04,-1.021766413125342,0.9007493524344219,2.657221532917084,0.10963615134930875,-0.5781613810065196,-0.2988004587540533,-0.10963615134930875,0.5781613810065196,2.657221532917084,-1.021766413125342,1.778985442675753,0.23426261482860541,-0.2988004587540533,0.17317029640624076
2008-05,-0.9557317313438657,0.9125484853657682,2.807832895903868,-0.3711354285547161,-0.5657539643529562,-0.17575432400656948,0.3711354285547161,0.5657539643529562,2.807832895903868,-0.9557317313438657,1.860190690634818,0.46844469645383613,-0.17575432400656948,0.29928733293455473
2008-06,-1.1246905015981006,0.9245857531026855,2.9522410314960306,0.19350050439104363,-0.35973833411160083,-0.059149493061365944,-0.19350050439104363,0.35973833411160083,2.9522410314960306,-1.1246905015981006,1.938413392299358,0.0831189148602786,-0.059149493061365944,0.20942307812504252
2008-07,-1.3233353942528572,0.33308221737231086,2.833897194729151,0.5157926816585369,-0.33427932850860176,-0.05637959774371782,-0.5157926816585369,0.33427932850860176,2.833897194729151,-1.3233353942528572,1.583489706050731,-0.09075667657496755,-0.05637959774371782,0.028254509369797093
2008-08,-1.2298601922968313,0.346465969733685,2.514233069555587,-0.008557214753927,-0.3496755318369973,0.09801373398300837,0.008557214753927,0.3496755318369973,2.514233069555587,-1.2298601922968313,1.430349519644636,0.17911637329546215,0.09801373398300837,0.11940485865656883
2008-09,-1.3567779393346515,0.3601823158173057,2.3133170271946764,1.4615926765288803,-0.3534173284793553,-0.06460414443945983,-1.4615926765288803,0.3534173284793553,2.3133170271946764,-1.3567779393346515,1.336749671505991,-0.5540876740247624,-0.06460414443945983,-0.1596800215732207
2008-10,-1.8857030507247596,-0.47686857921078113,2.441897637458007,5.471116601190737,-0.6944919280742221,-0.15087499796384102,-5.471116601190737,0.6944919280742221,2.441897637458007,-1.8857030507247596,0.9825145291236128,-2.3883123365582573,-0.15087499796384102,-0.8605939640308112
2008-11,-1.997369409663298,-0.46403158412904066,2.6947322816274943,5.013425201227447,-0.48829498205041305,-0.27253079507635763,-5.013425201227447,0.48829498205041305,2.6947322816274943,-1.997369409663298,1.115350348749227,-2.262565109588517,-0.27253079507635763,-0.8542787413947365
2008-12,-1.936310919262607,-0.4511155476640868,2.837008631645294,3.546154354955814,-0.30525077168030973,-0.29763234977613123,-3.546154354955814,0.30525077168030973,2.837008631645294,-1.936310919262607,1.1929465419906036,-1.620451791637752,-0.29763234977613123,-0.6653621296714717
2009-01,-1.9264099450022447,-1.1568617837268396,2.975676718925648,2.5777985894508086,-0.4059075935911263,-0.18148074532891778,-2.5777985894508086,0.4059075935911263,2.975676718925648,-1.9264099450022447,0.9094074675994042,-1.085945497929841,-0.18148074532891778,-0.5711071801653999
2009-02,-2.0285187034547185,-1.1410359319543086,2.953367913147376,2.592107986938012,-0.6577717798606308,0.03168073636596357,-2.592107986938012,0.6577717798606308,2.953367913147376,-2.0285187034547185,0.9061659905965337,-0.9671681035386906,0.03168073636596357,-0.514460020007728
2009-03,-2.0948211343975536,-1.125709894533869,2.5602372257950194,2.429352090690033,-0.583560018751185,0.17214183047939305,-2.429352090690033,0.583560018751185,2.5602372257950194,-2.0948211343975536,0.7172636656305752,-0.922896035969424,0.17214183047939305,-0.5320779185642524
2009-04,-1.837750242947511,-1.8304602974128656,1.9381195136378244,1.6832619591337576,-0.3986821666350489,0.30337196806294414,-1.6832619591337576,0.3986821666350489,1.9381195136378244,-1.837750242947511,0.05382960811247939,-0.6422898962493544,0.30337196806294414,-0.5307096407553604
2009-05,-1.6741587738361,-1.79230298825825,1.3521352582816564,1.0373860335293126,-0.34349265863465317,0.2348524167656113,-1.0373860335293126,0.34349265863465317,1.3521352582816564,-1.6741587738361,-0.2200838649882968,-0.3469466874473297,0.2348524167656113,-0.5015842273765287
2009-06,-1.600374225413724,-1.7558853321673102,1.0145106781529807,0.7351158297904252,-0.46343805650143,0.4159137101811716,-0.7351158297904252,0.46343805650143,1.0145106781529807,-1.600374225413724,-0.3706873270071648,-0.13583888664449761,0.4159137101811716,-0.42274668222105366
2009-07,-1.5427802553627998,-2.545826397454037,0.7731339022589655,0.42055151610756575,-0.43399849259253737,0.5056433445055445,-0.42055151610756575,0.43399849259253737,0.7731339022589655,-1.5427802553627998,-0.8863462475975359,0.006723488242485809,0.5056433445055445,-0.4791899175530764
2009-08,-1.3304246168945963,-2.4730985161941015,0.5293201758163482,0.3337470908822942,-0.5765020540098382,0.43154540736580704,-0.3337470908822942,0.5765020540098382,0.5293201758163482,-1.3304246168945963,-0.9718891701888767,0.12137748156377201,0.43154540736580704,-0.4373477245384735
2009-09,-1.2110045503497273,-2.4058045218300594,0.3936210812101004,0.29071660059122423,-0.3070843875987272,0.4907511598331439,-0.29071660059122423,0.3070843875987272,0.3936210812101004,-1.2110045503497273,-1.0060917203099795,0.008183893503751483,0.4907511598331439,-0.4295403043307028
2009-10,-1.120841681640663,-2.7939474739660723,0.37536550317513934,0.22040809822652027,-0.3412794519792421,0.4738965384539625,-0.22040809822652027,0.3412794519792421,0.37536550317513934,-1.120841681640663,-1.2092909853954665,0.06043567687636091,0.4738965384539625,-0.4489501129264515
2009-11,-1.0468285393290018,-2.69371016772648,0.416622359654427,0.17052837318961292,-0.4638284034270712,0.4305829058514033,-0.17052837318961292,0.4638284034270712,0.416622359654427,-1.0468285393290018,-1.1385439040360266,0.14665001511872916,0.4305829058514033,-0.402034880598724
2009-12,-0.9651745409435762,-2.6023468501250817,0.4312341999573127,-0.09373297610059013,-0.31229205570480334,0.5519609524798593,0.09373297610059013,0.31229205570480334,0.4312341999573127,-0.9651745409435762,-1.0855563250838844,0.20301251590269673,0.5519609524798593,-0.32393934941122615
2010-01,-0.927245601698707,-2.438283008702833,0.3862289067425613,-0.15348847968504786,-0.33523160472227237,0.6582246840226609,0.15348847968504786,0.33523160472227237,0.3862289067425613,-0.927245601698707,-1.0260270509801357,0.24436004220366012,0.6582246840226609,-0.26267198161313043
2010-02,-1.0149867101377523,-2.3653176846714206,0.251853779072824,0.0445473244770632,-0.49072937781986636,0.7423985207730956,-0.0445473244770632,0.49072937781986636,0.251853779072824,-1.0149867101377523,-1.0567319527992982,0.22309102667140157,0.7423985207730956,-0.27655727887313836
2010-03,-0.83707032878524,-2.297563390076423,0.08400434995836575,-0.44680614336455293,-0.5879834982443329,1.0483647513594676,0.44680614336455293,0.5879834982443329,0.08400434995836575,-0.83707032878524,-1.1067795200590287,0.517394820804443,1.0483647513594676,-0.09452256917008955
2010-04,-0.6992887174610676,-2.2876976585318354,-0.020693857933131988,-0.47411654626704225,-0.386990884304913,1.197283570846939,0.47411654626704225,0.386990884304913,-0.020693857933131988,-0.6992887174610676,-1.1541957582324838,0.43055371528597763,1.197283570846939,-0.056411797390158724
2010-05,-0.9183838207521495,-2.2288952111945326,-0.005324145810413218,1.0240399707674266,-0.38551099808678696,1.2261559504655106,-1.0240399707674266,0.38551099808678696,-0.005324145810413218,-0.9183838207521495,-1.117109678502473,-0.3192644863403198,1.2261559504655106,-0.2821505087823578
2010-06,-1.048807283577035,-2.173849053453993,0.01686684539954429,0.8062567394202809,-0.28350636659692086,1.3330739575753305,-0.8062567394202809,0.28350636659692086,0.01686684539954429,-1.048807283577035,-1.0784911040272243,-0.26137518641168,1.3330739575753305,-0.26389990411015224
2010-07,-1.0658257250357668,-1.4886395559838794,-0.007540475023216906,0.3521634213379247,-0.5305901053309143,1.3971192880233383,-0.3521634213379247,0.5305901053309143,-0.007540475023216906,-1.0658257250357668,-0.7480900155035481,0.0892133419964948,1.3971192880233383,-0.08189577762987044
2010-08,-1.055061217000206,-1.4607542416524666,-0.04328783230111988,0.2620143946669593,-0.5133093108915783,1.4398052885630366,-0.2620143946669593,0.5133093108915783,-0.04328783230111988,-1.055061217000206,-0.7520210369767932,0.12564745811230948,1.4398052885630366,-0.060407376825413306
2010-09,-0.9407188494688853,-1.4337756046653125,-0.04445256430373545,0.029557595755138787,-0.6570199596865991,1.748752315198587,-0.029557595755138787,0.6570199596865991,-0.04445256430373545,-0.9407188494688853,-0.739114084484524,0.31373118196573013,1.748752315198587,0.09566264080272696
2010-10,-0.7607062424810302,-1.0552102486587673,0.007285338959452385,-0.1877560615362504,-0.7292610887177087,2.0928037425472588,0.1877560615362504,0.7292610887177087,0.007285338959452385,-0.7607062424810302,-0.5239624548496574,0.4585085751269795,2.0928037425472588,0.3166609050858876
2010-11,-0.6566918475587963,-1.0377352364527257,0.042865469768459924,-0.21114566926777195,-0.32588751071980054,2.3152954707844553,0.21114566926777195,0.32588751071980054,0.042865469768459924,-0.6566918475587963,-0.49743488334213287,0.26851658999378625,2.3152954707844553,0.3574213324693281
2010-12,-0.49169039405193216,-1.020570742690626,-0.012618994008445,-0.46448459851212054,-0.2974394695375941,2.33436250970851,0.46448459851212054,0.2974394695375941,-0.012618994008445,-0.49169039405193216,-0.5165948683495355,0.3809620340248573,2.33436250970851,0.426759820332975
2011-01,-0.3456320338748297,-0.7861658575231436,-0.1054119136433792,-0.48389130175409284,-0.559444608095405,2.28899117652707,0.48389130175409284,0.559444608095405,-0.1054119136433792,-0.3456320338748297,-0.4457888855832614,0.5216679549247489,2.28899117652707,0.504809552998432
2011-02,-0.208583506655704,-0.7746380100854934,-0.1495064670145459,-0.466531991779121,-0.41160882618629624,2.161843188245653,0.466531991779121,0.41160882618629624,-0.1495064670145459,-0.208583506655704,-0.46207223855001966,0.43907040898270866,2.161843188245653,0.48256446300565947
2011-03,-0.3369851720626458,-0.7632308235376426,-0.13338107760308818,-0.12020045021116672,0.2597425944988778,1.9804652164859866,0.12020045021116672,-0.2597425944988778,-0.13338107760308818,-0.3369851720626458,-0.4483059505703654,-0.06977107214385556,1.9804652164859866,0.28135075542727994
2011-04,-0.2639138518101176,-0.23919058771543222,-0.0682061471566036,-0.5732906169500279,-0.4135168362673373,2.015129302583845,0.5732906169500279,0.4135168362673373,-0.0682061471566036,-0.2639138518101176,-0.15369836743601792,0.4934037266086826,2.015129302583845,0.5227302024865981
2011-05,-0.26777575478662646,-0.2347565309778501,-0.012677106776682621,-0.4985704334486838,-0.210571004725136,1.9801388799756734,0.4985704334486838,0.210571004725136,-0.012677106776682621,-0.26777575478662646,-0.12371681887726636,0.3545707190869099,1.9801388799756734,0.4858042563496726
2011-06,-0.4999408083888337,-0.23032584650243165,0.03479714133323067,-0.26533405635580243,-0.5191486885420855,1.840126521434868,0.26533405635580243,0.5191486885420855,0.03479714133323067,-0.4999408083888337,-0.09776435258460049,0.39224137244894397,1.840126521434868,0.40866568322759445
2011-07,-0.35283996699914716,-0.037416208548793815,0.20583347519439854,-0.25493291790143113,-0.6023591095893938,1.9870223254716985,0.25493291790143113,0.6023591095893938,0.20583347519439854,-0.35283996699914716,0.08420863332280236,0.42864601374541245,1.9870223254716985,0.5367592513851915
2011-08,-1.0201084278033308,-0.03567186133200088,0.49386342032017744,1.3549899810849877,-0.4882946751607917,1.8939655904419537,-1.3549899810849877,0.4882946751607917,0.49386342032017744,-1.0201084278033308,0.22909577949408827,-0.433347652962098,1.8939655904419537,0.16740132229265325
2011-09,-1.0956929808134415,-0.03392720115076035,0.6746645815903592,1.5048384918152289,-0.5692424097785338,2.0685981793428736,-1.5048384918152289,0.5692424097785338,0.6746645815903592,-1.0956929808134415,0.32036869021979947,-0.46779804101834754,2.0685981793428736,0.20636896193272103
2011-10,-0.9562785947894508,0.5025764057608897,0.612967107419786,1.1260721525473025,-0.7960094177529741,2.0181510424882294,-1.1260721525473025,0.7960094177529741,0.612967107419786,-0.9562785947894508,0.5577717565903378,-0.16503136739716423,2.0181510424882294,0.36365320922298805
2011-11,-0.8912835559308411,0.4978021778420733,0.4177397370385775,1.0272771228473507,-0.6574179114377229,1.8335786142691524,-1.0272771228473507,0.6574179114377229,0.4177397370385775,-0.8912835559308411,0.45777095744032537,-0.18492960570481393,1.8335786142691524,0.30378410251845567
2011-12,-0.8323411573929738,0.49304730836036226,0.1905427124593011,0.32335208489101747,-0.5978621385336291,1.6122125327978198,-0.32335208489101747,0.5978621385336291,0.1905427124593011,-0.8323411573929738,0.3417950104098317,0.13725502682130583,1.6122125327978198,0.3147303531589959
2012-01,-0.6297334324297331,0.5247711355052382,-0.002600665625178999,-0.1660107732705618,-0.7231013474115212,1.6732447338588137,0.1660107732705618,0.7231013474115212,-0.002600665625178999,-0.6297334324297331,0.2610852349400296,0.4445560603410415,1.6732447338588137,0.4372881491775379
2012-02,-0.45257769517865337,0.5191477514400278,-0.1237121759591254,-0.34622624248673184,-0.39979921905732974,1.9399958208253811,0.34622624248673184,0.39979921905732974,-0.1237121759591254,-0.45257769517865337,0.19771778774045118,0.3730127307720308,1.9399958208253811,0.5145371610398024
2012-03,-0.36851304879857305,0.5135504459444398,-0.16948976329174142,-0.5727096559936458,-0.47912036602901564,1.999368168965558,0.5727096559936458,0.47912036602901564,-0.16948976329174142,-0.36851304879857305,0.17203034132634917,0.5259150110113306,1.999368168965558,0.5822001181261662
2012-04,-0.4329587579549861,0.4329599680902782,-0.12789796378650548,-0.4022947501018325,-0.2894710789832363,1.9742053307941763,0.4022947501018325,0.2894710789832363,-0.12789796378650548,-0.4329587579549861,0.15253100215188636,0.3458829145425344,1.9742053307941763,0.5099151223834028
2012-05,-0.6626109209789895,0.4253130000536668,-0.07286882187290002,-0.07985446235038335,-0.7182077073481005,1.7945799194472962,0.07985446235038335,0.7182077073481005,-0.07286882187290002,-0.6626109209789895,0.1762220890903834,0.3990310848492419,1.7945799194472962,0.426805543101983
2012-06,-0.7627326032474944,0.417686899245864,-0.07685803552639614,-0.06324675428948287,-0.7138686877951373,1.7211628019437422,0.06324675428948287,0.7138686877951373,-0.07685803552639614,-0.7627326032474944,0.17041443185973393,0.3885577210423101,1.7211628019437422,0.379350587899573
2012-07,-0.624752596142646,0.5022783125041443,-0.12998351338770062,-0.41449096109535494,-0.5805723751331966,1.6634516568140851,0.41449096109535494,0.5805723751331966,-0.12998351338770062,-0.624752596142646,0.18614739955822185,0.49753166811427574,1.6634516568140851,0.4305945320859842
2012-08,-0.49981487789179657,0.4930814073628234,-0.17507474296513548,-0.5940382290739458,-0.7666761708282592,1.7158201479407067,0.5940382290739458,0.7666761708282592,-0.17507474296513548,-0.49981487789179657,0.15900333219884397,0.6803571999511024,1.7158201479407067,0.5138414505497142
2012-09,-0.3907815345062416,0.4839157245822596,-0.22661532855726177,-0.6227978520990435,-0.892597685923014,1.7644142599426327,0.6227978520990435,0.892597685923014,-0.22661532855726177,-0.3907815345062416,0.12865019801249894,0.7576977690110287,1.7644142599426327,0.5649951731149797
2012-10,-0.4477482942143619,0.5895017446300184,-0.30963768885355736,-0.5073169053516934,-0.5681204734311789,1.502595519997151,0.5073169053516934,0.5681204734311789,-0.30963768885355736,-0.4477482942143619,0.1399320278882305,0.5377186893914361,1.502595519997151,0.4331244857656139
2012-11,-0.6380329113152876,0.5794164539280857,-0.4442012835883007,-0.45336998789495364,-0.5625371946833942,1.3744604110651069,0.45336998789495364,0.5625371946833942,-0.4442012835883007,-0.6380329113152876,0.06760758516989251,0.507953591289174,1.3744604110651069,0.3279971690522214
2012-12,-0.5344227234187098,0.5693847526319136,-0.597759292018634,-0.3810579488540061,-0.71793402120505,1.3726453145445803,0.3810579488540061,0.71793402120505,-0.597759292018634,-0.5344227234187098,-0.014187269693360205,0.549495985029528,1.3726453145445803,0.34338282661550956
2013-01,-0.3409154076940747,0.5303132435288039,-0.6973964839514614,-0.7678975543297778,-0.2912657680055857,1.3521663055440634,0.7678975543297778,0.2912657680055857,-0.6973964839514614,-0.3409154076940747,-0.08354162021132872,0.5295816611676818,1.3521663055440634,0.36432273470158544
2013-02,-0.29982103308002506,0.5203194690264791,-0.7270258245331447,-0.6952285576865364,-0.5294116031155742,1.244226652331921,0.6952285576865364,0.5294116031155742,-0.7270258245331447,-0.29982103308002506,-0.1033531777533328,0.6123200804010553,1.244226652331921,0.36334313047490463
2013-03,-0.19560488517675542,0.5103604068342498,-0.7216432908911821,-0.7911325697682667,-0.8416946528661862,1.1762172870529772,0.7911325697682667,0.8416946528661862,-0.7216432908911821,-0.19560488517675542,-0.10564144202846615,0.8164136113172265,1.1762172870529772,0.42284614279124555
2013-04,-0.14388320838174848,0.7487832561152837,-0.7278913284658154,-0.6824930312356078,-0.06536304972108536,1.0646250740150334,0.6824930312356078,0.06536304972108536,-0.7278913284658154,-0.14388320838174848,0.010445963824734172,0.3739280404783466,1.0646250740150334,0.3262789674840914
2013-05,0.09121114349725165,0.7364980688860122,-0.793279892094127,-0.7249258368143927,-0.5816311151231365,1.2088593182490677,0.7249258368143927,0.5816311151231365,-0.793279892094127,0.09121114349725165,-0.02839091160405738,0.6532784759687646,1.2088593182490677,0.48123950652775666
2013-06,-0.043309380641165726,0.7243238557428009,-0.936574177241472,-0.3243901675429214,-0.6059777346478492,1.2626419067120829,0.3243901675429214,0.6059777346478492,-0.936574177241472,-0.043309380641165726,-0.10612516074933553,0.4651839510953853,1.2626419067120829,0.39459782910424174
2013-07,0.12256724811137899,0.744070914611428,-1.06777604653964,-0.6655481182494943,-1.0334054031110558,1.3693109761223057,0.6655481182494943,1.0334054031110558,-1.06777604653964,0.12256724811137899,-0.16185256596410597,0.8494767606802751,1.3693109761223057,0.5448756047374634
2013-08,0.0879955181271946,0.7322889786036828,-1.0941253766250603,-0.6353371145893622,-0.17639129475719062,1.6052698240260097,0.6353371145893622,0.17639129475719062,-1.0941253766250603,0.0879955181271946,-0.18091819901068873,0.4058642046732764,1.6052698240260097,0.479552836953948
2013-09,0.11578943472248203,0.7206151682352117,-0.9770281024281291,-0.5797603105868034,0.3127734495223802,1.7504706462116504,0.5797603105868034,-0.3127734495223802,-0.9770281024281291,0.11578943472248203,-0.12820646709645872,0.13349343053221163,1.7504706462116504,0.46788676109247135
2013-10,0.23431307936219947,0.5232612009607939,-0.83109040284063,-0.5021023612779474,-1.0665185818434038,1.8522903771441268,0.5021023612779474,1.0665185818434038,-0.83109040284063,0.23431307936219947,-0.15391460093991804,0.7843104715606756,1.8522903771441268,0.679249831781771
2013-11,0.47478349245603135,0.5135531182976164,-0.730464424600589,-0.7565163415329341,-0.8078922129761202,1.7108386807620908,0.7565163415329341,0.8078922129761202,-0.730464424600589,0.47478349245603135,-0.10845565315148631,0.7822042772545272,1.7108386807620908,0.7148426993302908
2013-12,0.5453293892302649,0.503879498970771,-0.68467599409091,-0.6211020453567312,-1.1690858806349704,1.8636768271242863,0.6211020453567312,1.1690858806349704,-0.68467599409091,0.5453293892302649,-0.09039824756006948,0.8950939629958508,1.8636768271242863,0.8034254829475831
2014-01,0.5558364042554849,0.7684685951895754,-0.6308517438545449,-0.6139056237268634,-0.7687968760342688,1.9505485832543679,0.6139056237268634,0.7687968760342688,-0.6308517438545449,0.5558364042554849,0.06880842566751527,0.6913512498805661,1.9505485832543679,0.8166361657644835
2014-02,0.4870667487563797,0.7573313343549338,-0.5913791689075595,-0.48526942380226024,-1.2061023724278672,2.063546483342635,0.48526942380226024,1.2061023724278672,-0.5913791689075595,0.4870667487563797,0.08297608272368717,0.8456858981150637,2.063546483342635,0.8698188032344414
2014-03,0.6044503417549165,0.7463058382145424,-0.6302592232950006,-0.5482337395259106,1.4333133612807631,1.9281072792980063,0.5482337395259106,-1.4333133612807631,-0.6302592232950006,0.6044503417549165,0.05802330745977091,-0.4425398108774263,1.9281072792980063,0.5370102794088168
2014-04,0.5615058452352676,0.5858447023669289,-0.7155507647088646,-0.6129684950901927,0.07312145877828544,1.4529013863989695,0.6129684950901927,-0.07312145877828544,-0.7155507647088646,0.5615058452352676,-0.06485303117096786,0.2699235181559536,1.4529013863989695,0.5548694296548057
2014-05,0.6100122112431697,0.5773725826939632,-0.7660226181012376,-0.7857859717213094,-0.44495044529881245,1.3178910484211563,0.7857859717213094,0.44495044529881245,-0.7660226181012376,0.6100122112431697,-0.09432501770363722,0.6153682085100609,1.3178910484211563,0.6122366126176875
2014-06,0.80002754611306,0.5689509179193328,-0.7099668708711611,-0.8774264566370653,0.42303147903798166,1.480967500636777,0.8774264566370653,-0.42303147903798166,-0.7099668708711611,0.80002754611306,-0.07050797647591411,0.22719748879954182,1.480967500636777,0.6094211397683662
2014-07,0.8778002504132318,0.4400052108753801,-0.6147956505556413,-0.795110794521272,2.642754972843574,1.564014055382508,0.795110794521272,-2.642754972843574,-0.6147956505556413,0.8778002504132318,-0.08739521984013063,-0.923822089161151,1.564014055382508,0.3576492491986145
2014-08,0.8157652718657766,0.4336523072363122,-0.5931165403936574,-0.6678717732482384,2.5281128474866024,1.6802052503430163,0.6678717732482384,-2.5281128474866024,-0.5931165403936574,0.8157652718657766,-0.07973211657867257,-0.930120537119182,1.6802052503430163,0.3715294671277346
2014-09,0.9048942134557859,0.42732094877885035,-0.6322809538643478,-0.6697223611855424,2.336127430669152,1.6846440964812197,0.6697223611855424,-2.336127430669152,-0.6322809538643478,0.9048942134557859,-0.10248000254274872,-0.8332025347418048,1.6846440964812197,0.413463943163113
2014-10,0.6773201269025866,0.585058336724313,-0.6095912761616133,-0.19878086713871318,-0.415583695248493,1.5986571611892544,0.19878086713871318,0.415583695248493,-0.6095912761616133,0.6773201269025866,-0.012266469718650197,0.3071822811936031,1.5986571611892544,0.6427232748916984
2014-11,1.1126987398382264,0.5796470838073077,-0.5611393806409031,-0.6783313580337393,-0.3600780089984857,1.663975718362083,0.6783313580337393,0.3600780089984857,-0.5611393806409031,1.1126987398382264,0.0092538515832023,0.5192046835161125,1.663975718362083,0.8262832483249061
2014-12,1.1689497226510412,0.5742642338422106,-0.5661175583139553,-0.38506230011247283,-0.22269728986752915,1.6830349557684978,0.38506230011247283,0.22269728986752915,-0.5661175583139553,1.1689497226510412,0.00407333776412766,0.303879794990001,1.6830349557684978,0.789984452793417
2015-01,1.0791954472130283,0.6639472689393334,-0.6253504810991628,-0.09763913096633753,1.2803259169152332,1.6515051338659008,0.09763913096633753,-1.2803259169152332,-0.6253504810991628,1.0791954472130283,0.01929839392008531,-0.5913433929744478,1.6515051338659008,0.5396638955061417
2015-02,1.2311393601100193,0.6567681295874236,-0.6818785293769741,-0.4355833006179043,1.2730624343152859,1.7480182643723203,0.4355833006179043,-1.2730624343152859,-0.6818785293769741,1.2311393601100193,-0.01255519989477527,-0.4187395668486908,1.7480182643723203,0.6369657144347184
2015-03,1.1477079743001724,0.6496400791110639,-0.6701674894623193,-0.5509656828491385,0.8095458819358902,1.9153757762708636,0.5509656828491385,-0.8095458819358902,-0.6701674894623193,1.1477079743001724,-0.010263705175627691,-0.12929009954337584,1.9153757762708636,0.7308824864630081
2015-04,1.1584599108993974,0.9194422287585196,-0.6188809330952575,-0.68683336492651,0.6803738099609196,1.9041911759286958,0.68683336492651,-0.6803738099609196,-0.6188809330952575,1.1584599108993974,0.15028064783163103,0.0032297774827952375,1.9041911759286958,0.8040403780356298
2015-05,1.158242134858588,0.910073099101959,-0.5931947969709702,-0.7022746934013699,-0.8326306317176073,1.870425657569967,0.7022746934013699,0.8326306317176073,-0.5931947969709702,1.158242134858588,0.1584391510654944,0.7674526625594886,1.870425657569967,0.9886399015133845
2015-06,1.0634395607417755,0.9008122861348881,-0.6086806544357838,-0.6013352689707739,-0.26901893555132145,1.9918394600683158,0.6013352689707739,0.26901893555132145,-0.6086806544357838,1.0634395607417755,0.14606581584955214,0.43517710226104767,1.9918394600683158,0.9091304847301727
2015-07,1.0271783389350007,0.8132606293889644,-0.5637838274655249,-0.6041686866029412,1.0763870244162497,1.9930661107838108,0.6041686866029412,-1.0763870244162497,-0.5637838274655249,1.0271783389350007,0.12473840096171973,-0.23610916890665423,1.9930661107838108,0.7272184204434692
2015-08,0.8231102088236149,0.8052140157933242,-0.4136224278510479,-0.08062182127945457,-0.4679809609099658,1.9098853584863082,0.08062182127945457,0.4679809609099658,-0.4136224278510479,0.8231102088236149,0.19579579397113814,0.2743013910947102,1.9098853584863082,0.8007731880939428
2015-09,0.47181495861708933,0.7972434061633635,-0.2974796339369724,0.42734233179085185,0.5900975633306026,1.9688044535393925,-0.42734233179085185,-0.5900975633306026,-0.2974796339369724,0.47181495861708933,0.24988188611319556,-0.5087199475607272,1.9688044535393925,0.5454453376772376
2015-10,0.7656850762927503,0.5578313994781824,-0.32140004819516776,-0.3692876333102344,0.14419384991935036,1.7817007153679054,0.3692876333102344,-0.14419384991935036,-0.32140004819516776,0.7656850762927503,0.11821567564150731,0.11254689169544202,1.7817007153679054,0.6945370897494012
2015-11,0.9854029450151044,0.5535556501358668,-0.43748703732331334,-0.43457960899495024,3.691319826144964,1.8891969868272998,0.43457960899495024,-3.691319826144964,-0.43748703732331334,0.9854029450151044,0.05803430640627674,-1.6283701085750069,1.8891969868272998,0.32606603241841853
2015-12,0.9099652337534327,0.5492982322194645,-0.4844997399236932,-0.2506652348312123,3.3451287771147578,1.8950982337604847,0.2506652348312123,-3.3451287771147578,-0.4844997399236932,0.9099652337534327,0.03239924614788564,-1.5472317711417727,1.8950982337604847,0.3225577356300076
2016-01,0.3909638492662439,0.531445565245449,-0.4043042436974658,0.34021738439534105,1.571457985266103,1.6337618088374597,-0.34021738439534105,-1.571457985266103,-0.4043042436974658,0.3909638492662439,0.06357066077399157,-0.9558376848307221,1.6337618088374597,0.2831146585117433
2016-02,0.33480868899019456,0.5286073777555069,-0.2996080953624512,0.20497758428707963,0.7339448618446835,1.3441499021204129,-0.20497758428707963,-0.7339448618446835,-0.2996080953624512,0.33480868899019456,0.11449964119652786,-0.46946122306588156,1.3441499021204129,0.33099925231031346
2016-03,0.7517009919372954,0.5257777196394248,-0.27805378401970476,-0.507079863018549,1.0637701987244133,1.3550976556799075,0.507079863018549,-1.0637701987244133,-0.27805378401970476,0.7517009919372954,0.12386196780986,-0.2783451678529321,1.3550976556799075,0.4880788618935327
2016-04,0.9188918732887187,0.0774211261091347,-0.34071873235884925,-0.6750794865168104,-0.33492602576512653,1.3558639424385002,0.6750794865168104,0.33492602576512653,-0.34071873235884925,0.9188918732887187,-0.13164880312485727,0.5050027561409685,1.3558639424385002,0.6620274421858325
2016-05,0.8492185494218524,0.07989906877484204,-0.4001504519778505,-0.6167408413315425,-0.15868548033449448,1.1646652112144098,0.6167408413315425,0.15868548033449448,-0.4001504519778505,0.8492185494218524,-0.16012569160150422,0.3877131608330185,1.1646652112144098,0.560367807466944
2016-06,0.8900188470360844,0.08238023970950244,-0.36978812282344004,-0.30633860350634784,-0.04791574472996599,1.200900750590003,0.30633860350634784,0.04791574472996599,-0.36978812282344004,0.8900188470360844,-0.1437039415569688,0.17712717411815693,1.200900750590003,0.5310857075468188
2016-07,1.1365483235394045,0.0226545155747746,-0.3182679034053327,-0.7952441335341709,1.3930149484323215,1.21862576673293,0.7952441335341709,-1.3930149484323215,-0.3182679034053327,1.1365483235394045,-0.14780669391527904,-0.2988854074490753,1.21862576673293,0.47712049722699507
2016-08,1.2045703146764721,0.025857666129613453,-0.3470927000110682,-0.8745548448803989,0.5106598758425333,1.492095309925032,0.8745548448803989,-0.5106598758425333,-0.3470927000110682,1.2045703146764721,-0.16061751694072737,0.18194748451893283,1.492095309925032,0.6794988980449275
2016-09,1.1330869084958504,0.029065528711943643,-0.4668072686009839,-0.6837923097433971,0.8740489957410783,1.6117253754999148,0.6837923097433971,-0.8740489957410783,-0.4668072686009839,1.1330869084958504,-0.21887086994452015,-0.0951283429988406,1.6117253754999148,0.6077032677631011
2016-10,1.0735042784475504,-0.2831843763308629,-0.6836491803495308,-0.6493081218969367,-0.27184829402660976,1.663446822098993,0.6493081218969367,0.27184829402660976,-0.6836491803495308,1.0735042784475504,-0.48341677834019686,0.4605782079617732,1.663446822098993,0.67852813254203
2016-11,1.1693980298109883,-0.2763913524075107,-0.95437400367285,-0.585634334414614,-0.44411275145514284,1.5350939392455984,0.585634334414614,0.44411275145514284,-0.95437400367285,1.1693980298109883,-0.6153826780401803,0.5148735429348784,1.5350939392455984,0.6509957084878212
2016-12,1.4691748387379742,-0.26959819847045363,-1.1696927090609868,-0.8841182931975997,0.7431615889699911,1.4216538427540688,0.8841182931975997,-0.7431615889699911,-1.1696927090609868,1.4691748387379742,-0.7196454537657202,0.07047835211380432,1.4216538427540688,0.5604153949600318
2017-01,1.5191491732135598,-0.3145778362351755,-1.1783386086602898,-0.977760323523278,0.9239421532691321,1.5569724139431762,0.977760323523278,-0.9239421532691321,-1.1783386086602898,1.5191491732135598,-0.7464582224477326,0.026909085127072963,1.5569724139431762,0.5891431124590191
2017-02,1.6855637697534975,-0.3070031240514442,-1.0677120663869342,-0.9867948458621306,1.458199923518592,1.6664204428324532,0.9867948458621306,-1.458199923518592,-1.0677120663869342,1.6855637697534975,-0.6873575952191892,-0.23570253882823072,1.6664204428324532,0.6072310196346327
2017-03,1.7881442664531924,-0.29942768183793717,-0.9202976007370894,-0.9423357761443037,0.3777374522218438,1.6588541004492374,0.9423357761443037,-0.3777374522218438,-0.9202976007370894,1.7881442664531924,-0.6098626412875133,0.28229916196122995,1.6588541004492374,0.7798587218940365
2017-04,1.716291251100878,-0.13312801983077127,-0.8033982986933872,-0.8100144005523154,1.735321238661256,1.7592909566818729,0.8100144005523154,-1.735321238661256,-0.8033982986933872,1.716291251100878,-0.46826315926207923,-0.46265341905447027,1.7592909566818729,0.6361664073665504
2017-05,1.8189552952893535,-0.12453543201732498,-0.7633456578579418,-1.0492915383213894,0.7060845676917908,1.9609150983268309,1.0492915383213894,-0.7060845676917908,-0.7633456578579418,1.8189552952893535,-0.4439405449376334,0.1716034853147993,1.9609150983268309,0.8768833334983375
2017-06,1.9230895415358853,-0.11588891669970688,-0.7700223583395506,-1.0790006454574657,2.1160601273297566,1.9291480874379885,1.0790006454574657,-2.1160601273297566,-0.7700223583395506,1.9230895415358853,-0.44295563751962874,-0.5185297409361455,1.9291480874379885,0.7226880626295249
2017-07,1.9688155142812993,-0.1704756868087656,-0.7607063860535835,-1.0943657287149489,0.7007667423261744,1.9290839727982958,1.0943657287149489,-0.7007667423261744,-0.7607063860535835,1.9688155142812993,-0.46559103643117455,0.19679949319438722,1.9290839727982958,0.9072769859607019
2017-08,1.9107540993598782,-0.15794216800381553,-0.7258163674517351,-0.8991353394529645,2.7175672465217664,1.9157811454701863,0.8991353394529645,-2.7175672465217664,-0.7258163674517351,1.9107540993598782,-0.4418792677277753,-0.9092159535344009,1.9157811454701863,0.618860005891972
2017-09,1.9521487197477239,-0.14520720633603526,-0.7220702892036217,-1.046728001346312,1.3672236725455211,1.9218442165395433,1.046728001346312,-1.3672236725455211,-0.7220702892036217,1.9521487197477239,-0.43363874776982847,-0.16024783559960454,1.9218442165395433,0.8200265882294585
2017-10,2.122199027002947,0.42608062310857847,-0.7771327622283559,-1.0666966300759746,-0.008895350064379632,1.9007024974139062,1.0666966300759746,0.008895350064379632,-0.7771327622283559,2.122199027002947,-0.17552606955988873,0.5377959900701771,1.9007024974139062,1.0962928612317855
2017-11,2.1733669797000346,0.4407990795591764,-0.8311345796039111,-1.007039820517812,0.054927258141015796,2.0282060646914846,1.007039820517812,-0.054927258141015796,-0.8311345796039111,2.1733669797000346,-0.19516775002236736,0.47605628118839804,2.0282060646914846,1.1206153938893875
2017-12,2.3222906393650327,0.4559344386893039,-0.8498910273359895,-1.0215578739142324,-0.5061282441487486,1.8389468969947433,1.0215578739142324,0.5061282441487486,-0.8498910273359895,2.3222906393650327,-0.19697829432334282,0.7638430590314904,1.8389468969947433,1.182025575266981
2018-01,2.549780352573229,0.2967207796648535,-0.8457235913228949,-0.9237973423690169,0.04586087153135745,1.9119583010202252,0.9237973423690169,-0.04586087153135745,-0.8457235913228949,2.549780352573229,-0.2745014058290207,0.43896823541882973,1.9119583010202252,1.156551370795816
2018-02,2.1638665206008882,0.3121299316021478,-0.8870251669144621,0.2630729509512205,-1.538742780689246,2.050476891299364,-0.2630729509512205,1.538742780689246,-0.8870251669144621,2.1638665206008882,-0.2874476176561571,0.6378349148690128,2.050476891299364,1.141182677278277
2018-03,2.0503288799720867,0.32800846072278195,-0.96458003898346,-0.08781547796883177,1.146793276452812,2.268387509317654,0.08781547796883177,-1.146793276452812,-0.96458003898346,2.0503288799720867,-0.318285789130339,-0.52948889924199,2.268387509317654,0.8677354252293529
2018-04,1.803326271363286,0.9171071007021989,-0.9295331188995903,-0.16374523269531088,1.7511296981528903,2.0750451235672682,0.16374523269531088,-1.7511296981528903,-0.9295331188995903,1.803326271363286,-0.00621300909869571,-0.7936922327287897,2.0750451235672682,0.7696165382757673
2018-05,1.827324463329832,0.9250453158933242,-0.7214709548681901,-0.5909874476183701,1.844405184406268,2.240505852048379,0.5909874476183701,-1.844405184406268,-0.7214709548681901,1.827324463329832,0.10178718051256702,-0.626708868393949,2.240505852048379,0.8857271568742073
2018-06,1.8744397668294084,0.9330870939408396,-0.4066360044423417,-0.6292322613553865,0.6238460256383362,2.4395457528427444,0.6292322613553865,-0.6238460256383362,-0.4066360044423417,1.8744397668294084,0.2632255447492489,0.002693117858525107,2.4395457528427444,1.1449760455699818
2018-07,1.8885196841413745,0.9623967394071464,-0.19338943460049102,-0.6740294421924398,0.9489964839112296,2.383536533016784,0.6740294421924398,-0.9489964839112296,-0.19338943460049102,1.8885196841413745,0.38450365240332773,-0.13748352085939491,2.383536533016784,1.1297690871755228
2018-08,1.9537222146158606,0.9604485002043011,-0.0678735138023299,-0.7277429908716553,1.0834993405524938,2.2603355096058593,0.7277429908716553,-1.0834993405524938,-0.0678735138023299,1.9537222146158606,0.4462874932009856,-0.17787817484041923,2.2603355096058593,1.1206167606455715
2018-09,1.956049573788818,0.9585058032540232,0.07145028543821208,-0.6773083416602962,-0.9914871342566944,2.1701433204327842,0.6773083416602962,0.9914871342566944,0.07145028543821208,1.956049573788818,0.5149780443461176,0.8343977379584953,2.1701433204327842,1.3688921691315539
2018-10,1.5749770969346066,0.8080281397905504,0.1860275854709886,0.030809741302107434,-0.07021484350767027,1.9275234315607104,-0.030809741302107434,0.07021484350767027,0.1860275854709886,1.5749770969346066,0.49702786263076953,0.019702551102781414,1.9275234315607104,1.004807735557217
2018-11,1.369275514670738,0.7996907845033288,0.26517576115073,0.08503418014896313,-0.7178453060627686,1.7141883502260942,-0.08503418014896313,0.7178453060627686,0.26517576115073,1.369275514670738,0.5324332728270293,0.31640556295690275,1.7141883502260942,0.983075675170191
2018-12,0.921717660002391,0.7914335494103498,0.26563712354160746,0.8891936506270484,-0.14855000647387503,1.685427436697725,-0.8891936506270484,0.14855000647387503,0.26563712354160746,0.921717660002391,0.5285353364759786,-0.37032182207658665,1.685427436697725,0.691339652774877
2019-01,0.931338459090734,1.0510598967919247,0.1391088308972645,0.18816384234601313,-0.32703434351558625,1.7639345931293002,-0.18816384234601313,0.32703434351558625,0.1391088308972645,0.931338459090734,0.5950843638445946,0.06943525058478656,1.7639345931293002,0.8399481666623538
2019-02,1.1961604243000272,1.034253249736506,-0.046734126672796646,-0.4369892048567589,0.18360487237260548,1.8244031905473375,0.4369892048567589,-0.18360487237260548,-0.046734126672796646,1.1961604243000272,0.4937595615318547,0.12669216624207671,1.8244031905473375,0.910253835655324
2019-03,1.2031756595000007,1.0177457633108133,-0.2000814989141328,-0.5566669061172704,-0.6373350362497839,1.8946546180046333,0.5566669061172704,0.6373350362497839,-0.2000814989141328,1.2031756595000007,0.40883213219834025,0.5970009711835271,1.8946546180046333,1.0259158452216253
2019-04,1.3294411701475768,0.396378783863624,-0.24584762322998155,-0.8205729983956119,-0.8063942372229188,1.994452152768848,0.8205729983956119,0.8063942372229188,-0.24584762322998155,1.3294411701475768,0.07526558031682123,0.8134836178092654,1.994452152768848,1.0531606302606278
2019-05,1.0967785698985055,0.38496886766867827,-0.15398797439695,-0.1312138165664585,0.7182564559516705,1.8747386815830258,0.1312138165664585,-0.7182564559516705,-0.15398797439695,1.0967785698985055,0.11549044663586414,-0.29352131969260603,1.8747386815830258,0.6983715946061974
2019-06,1.0959730907953915,0.3735070929694559,0.005077804765922264,-0.27818231538413807,0.7128502293431486,1.7260648691542555,0.27818231538413807,-0.7128502293431486,0.005077804765922264,1.0959730907953915,0.1892924488676891,-0.21733395697950525,1.7260648691542555,0.6984991129594578
2019-07,1.2664140916845112,0.542257513345811,0.1621230450304492,-0.7364790159761616,-0.026873614990085254,1.8231550030625674,0.7364790159761616,0.026873614990085254,0.1621230450304492,1.2664140916845112,0.35219027918813006,0.3816763154831234,1.8231550030625674,0.955858922354583
2019-08,0.9195357892567737,0.5295296870475428,0.34280704449695926,0.34372797876177874,0.5180795284073374,1.7524334579151335,-0.34372797876177874,-0.5180795284073374,0.34280704449695926,0.9195357892567737,0.43616836577225104,-0.43090375358455807,1.7524334579151335,0.6693084648399
2019-09,1.041491685152141,0.5167791240154243,0.4496457359915933,-0.29336188986812156,-0.21838215455270146,1.6431402960792907,0.29336188986812156,0.21838215455270146,0.4496457359915933,1.041491685152141,0.4832124300035088,0.2558720222104115,1.6431402960792907,0.855929108361338
2019-10,0.9234054613286607,0.28634277661730057,0.43167293695313225,-0.2993158516924203,0.20074162947167729,1.619300344162627,0.2993158516924203,-0.20074162947167729,0.43167293695313225,0.9234054613286607,0.3590078567852164,0.04928711111037151,1.619300344162627,0.7377501933467189
2019-11,1.172654272525065,0.26955140958876,0.44646682575154056,-0.8527517608671159,-1.1909575198321396,1.7167713402962417,0.8527517608671159,1.1909575198321396,0.44646682575154056,1.172654272525065,0.3580091176701503,1.0218546403496278,1.7167713402962417,1.0673223427102712
2019-12,1.2831919646867043,0.25207247914760295,0.6825234886917757,-0.6025242679406115,-1.1087389668200163,1.7682737406814815,0.6025242679406115,1.1087389668200163,0.6825234886917757,1.2831919646867043,0.46729798391968935,0.8556316173803139,1.7682737406814815,1.0935988266670473
2020-01,1.4356011258482302,1.7130673280548643,1.164943391800737,-0.5564549535227149,2.4046540273084887,1.9514208758734926,0.5564549535227149,-2.4046540273084887,1.164943391800737,1.4356011258482302,1.4390053599278008,-0.9240995368928868,1.9514208758734926,0.9754819561891592
2020-02,1.34480204834827,1.7229629608061041,1.921008045471908,0.5554588381145507,-1.007167356017307,2.140535461635541,-0.5554588381145507,1.007167356017307,1.921008045471908,1.34480204834827,1.8219855031390062,0.22585425895137812,2.140535461635541,1.383294318018549
2020-03,-0.255148081949009,1.7382751779872887,2.615089023338056,6.411244495494986,-0.7079094187946202,2.3090024474472433,-6.411244495494986,0.7079094187946202,2.615089023338056,-0.255148081949009,2.1766821006626724,-2.851667538350183,2.3090024474472433,0.3447172319526809
2020-04,0.03625459967225621,2.6078933484326026,2.7609828326914334,3.5967827162015102,-1.356954948975218,2.520749488886689,-3.5967827162015102,1.356954948975218,2.7609828326914334,0.03625459967225621,2.684438090562018,-1.1199138836131461,2.520749488886689,1.0303820738769542
2020-05,0.4049340867138869,2.627199900925576,2.1731451518211693,2.030577356054277,-1.382183182992778,2.870627451103981,-2.030577356054277,1.382183182992778,2.1731451518211693,0.4049340867138869,2.400172526373373,-0.3241970865307494,2.870627451103981,1.3378842444151229
2020-06,0.8057455534829726,2.6577105038511424,1.3157462139241043,2.0562593348570597,-1.216574774577596,2.9406067104225224,-2.0562593348570597,1.216574774577596,1.3157462139241043,0.8057455534829726,1.9867283588876234,-0.4198422801397318,2.9406067104225224,1.3283095856633467
2020-07,1.0017723065984794,1.6641242477325024,0.9260631658452714,1.4142892750126679,-1.4562320902041097,3.1775820924001947,-1.4142892750126679,1.4562320902041097,0.9260631658452714,1.0017723065984794,1.295093706788887,0.020971407595720915,3.1775820924001947,1.3738548783458207
2020-08,1.4171249144665787,1.6727016861623323,1.100543578198929,0.8311220627181608,-1.4917840613984201,3.1443368665577114,-0.8311220627181608,1.4917840613984201,1.100543578198929,1.4171249144665787,1.3866226321806305,0.33033099934012966,3.1443368665577114,1.5696038531362626
2020-09,1.3077861938845545,1.6863069609608494,1.4077168632064183,1.5224763133243706,-0.7104592458716955,2.9737526141455426,-1.5224763133243706,0.7104592458716955,1.4077168632064183,1.3077861938845545,1.5470119120836339,-0.40600853372633755,2.9737526141455426,1.3556355465968484
2020-10,1.4078790887666346,1.2984469498269298,1.5539266813051102,1.754541180163001,-0.9478894061273248,3.0065519111804226,-1.754541180163001,0.9478894061273248,1.5539266813051102,1.4078790887666346,1.42618681556602,-0.40332588701783817,3.0065519111804226,1.35932298212381
2020-11,1.7083385120376773,1.300049854024075,1.3120191259374179,1.0945962644966882,-1.2495863180845639,2.8170411604635173,-1.0945962644966882,1.2495863180845639,1.3120191259374179,1.7083385120376773,1.3060344899807466,0.07749502679393783,2.8170411604635173,1.4772272973189695
2020-12,2.020855597725451,1.3046330945813933,0.8746887005018252,0.7059997197072073,-1.537662876104179,2.9742046343422714,-0.7059997197072073,1.537662876104179,0.8746887005018252,2.020855597725451,1.0896608975416093,0.4158315781984859,2.9742046343422714,1.6251381769519544
2021-01,2.1636936161488207,-1.0486766409660826,0.2984118717837795,1.0598604674811625,-0.8356000801253447,3.0205684644001023,-1.0598604674811625,0.8356000801253447,0.2984118717837795,2.1636936161488207,-0.37513238459115156,-0.11213019367790888,3.0205684644001023,1.1742498755699655
2021-02,2.2549050720315034,-1.094153308030717,-0.48277848477592855,0.7952450301772567,-1.0059466238835215,3.0577913756932475,-0.7952450301772567,1.0059466238835215,-0.48277848477592855,2.2549050720315034,-0.7884658964033229,0.10535079685313242,3.0577913756932475,1.15739533704364
2021-03,2.176609210830405,-1.143660984900343,-1.1440643805332988,0.6065334912084968,-0.751992689399164,2.482037769533098,-0.6065334912084968,0.751992689399164,-1.1440643805332988,2.176609210830405,-1.1438626827168208,0.07272959909533361,2.482037769533098,0.896878474185504
2021-04,2.5275024964828394,-2.0822396138786106,-1.3732630618992576,-0.0322359125518213,-0.24203458683863277,2.375658484768248,0.0322359125518213,0.24203458683863277,-1.3732630618992576,2.5275024964828394,-1.7277513378889342,0.13713524969522703,2.375658484768248,0.828136223264345
2021-05,2.4043364675699372,-2.0771020747013265,-1.230529766568122,0.3018214503845631,0.02132765153260308,2.0112132131184914,-0.3018214503845631,-0.02132765153260308,-1.230529766568122,2.4043364675699372,-1.6538159206347243,-0.16157455095858309,2.0112132131184914,0.6500398022737803
2021-06,2.3689396959989404,-2.0719951880930867,-0.9121523269258512,-0.09914990909374712,-0.9784794618208604,2.1764747170113172,0.09914990909374712,0.9784794618208604,-0.9121523269258512,2.3689396959989404,-1.492073757509469,0.5388146854573038,2.1764747170113172,0.8980388352395231
2021-07,2.4685133001112995,-1.1084071529552653,-0.415199675296569,-0.004121954187068005,-1.7844762740037028,2.1919968486575483,0.004121954187068005,1.7844762740037028,-0.415199675296569,2.4685133001112995,-0.7618034141259171,0.8942991140953854,2.1919968486575483,1.198251462184579
2021-08,2.5232044032069574,-1.118576605259712,-0.1466226232926564,-0.001912606984561449,-0.15179998151221566,2.0852960271563035,0.001912606984561449,0.15179998151221566,-0.1466226232926564,2.5232044032069574,-0.6325996142761842,0.07685629424838855,2.0852960271563035,1.0131892775838662
2021-09,2.380021847202704,-1.1289122404014043,-0.3386693727221302,0.37933934756813104,-0.6126264893702639,2.141641942102451,-0.37933934756813104,0.6126264893702639,-0.3386693727221302,2.380021847202704,-0.7337908065617672,0.11664357090106642,2.141641942102451,0.9761291384111137
2021-10,2.239642831925333,-0.18561731266866321,-0.732606257026854,0.10186307772071401,-0.7021190710681074,1.978187060156826,-0.10186307772071401,0.7021190710681074,-0.732606257026854,2.239642831925333,-0.4591117848477586,0.3001279966736967,1.978187060156826,1.0147115259770243
2021-11,2.479853597364964,-0.18885217048513853,-0.7758927450791174,0.2230669210870496,-0.30704873889706286,2.059882782486535,-0.2230669210870496,0.30704873889706286,-0.7758927450791174,2.479853597364964,-0.482372457782128,0.04199090890500663,2.059882782486535,1.0248387077435943
2021-12,2.353266358557936,-0.19209626492360166,-0.6302563729016543,0.6891363735502943,0.6718757209786009,1.8220950019633746,-0.6891363735502943,-0.6718757209786009,-0.6302563729016543,2.353266358557936,-0.41117631891262796,-0.6805060472644476,1.8220950019633746,0.7709197485860586
2022-01,1.999524208933107,0.06125812185630331,-0.7726217564537026,0.9766839883891651,2.3469222607741447,1.4613502801503078,-0.9766839883891651,-2.3469222607741447,-0.7726217564537026,1.999524208933107,-0.35568181729869963,-1.661803124581655,1.4613502801503078,0.36084738680076506
2022-02,1.5973236140325409,0.05675164499582229,-1.0935694803038043,1.3688296857841475,5.44286811271027,1.3278826024185404,-1.3688296857841475,-5.44286811271027,-1.0935694803038043,1.5973236140325409,-0.518408917653991,-3.405848899247209,1.3278826024185404,-0.24976290011252972
2022-03,1.3448677706053385,0.05223745826955686,-1.234557486790436,1.5338439347428943,7.348595389461803,1.2296458072332777,-1.5338439347428943,-7.348595389461803,-1.234557486790436,1.3448677706053385,-0.5911600142604396,-4.441219662102348,1.2296458072332777,-0.6144665246310429
2022-04,1.2396582797981863,-0.186561371537495,-0.8602876723385904,1.1096934764969946,2.9904919997291364,1.081478193327047,-1.1096934764969946,-2.9904919997291364,-0.8602876723385904,1.2396582797981863,-0.5234245219380427,-2.0500927381130656,1.081478193327047,-0.06309519673146874
2022-05,0.4977474518875666,-0.19071186191172454,-0.04620546314455914,1.8502933334852159,1.4140496595492371,0.763528835822568,-1.8502933334852159,-1.4140496595492371,-0.04620546314455914,0.4977474518875666,-0.11845866252814184,-1.6321714965172265,0.763528835822568,-0.12233846783380842
2022-06,0.11218857114669906,-0.1948791817442849,0.6234257594439954,1.6565627028424244,1.0335546014734556,0.752023882808356,-1.6565627028424244,-1.0335546014734556,0.6234257594439954,0.11218857114669906,0.21427328884985525,-1.34505865215794,0.752023882808356,-0.06664322733825742
2022-07,0.08622226072344791,-0.5661015412625523,0.8661384513926821,1.1438598722546265,0.5995519927593597,0.8439280018493526,-1.1438598722546265,-0.5995519927593597,0.8661384513926821,0.08622226072344791,0.1500184550650649,-0.8717059325069931,0.8439280018493526,0.05211569628271806
2022-08,0.4732864417721059,-0.5650370638955515,0.6838512960997304,0.7031695887454015,1.0735970920406774,0.9573535232814596,-0.7031695887454015,-1.0735970920406774,0.6838512960997304,0.4732864417721059,0.05940711610208943,-0.8883833403930395,0.9573535232814596,0.15041593519065388
2022-09,-0.1286898843002169,-0.5639739755980706,0.4913263490259391,1.463182476617651,1.0288418158682948,0.7889067228071746,-1.463182476617651,-1.0288418158682948,0.4913263490259391,-0.1286898843002169,-0.036323813286065765,-1.246012146242973,0.7889067228071746,-0.15552978025552025
2022-10,-0.4215363348071083,-1.3066721471736227,0.34239497867743396,1.8225966573550048,1.353311102972412,0.6184205175279248,-1.8225966573550048,-1.353311102972412,0.34239497867743396,-0.4215363348071083,-0.48213858424809436,-1.5879538801637083,0.6184205175279248,-0.4683020704227465
2022-11,-0.12196067241323007,-1.2888096019619124,0.1234263201500634,0.813344860533822,0.5230519644086267,0.3582361476598132,-0.813344860533822,-0.5230519644086267,0.1234263201500634,-0.12196067241323007,-0.5826916409059245,-0.6681984124712244,0.3582361476598132,-0.25365364453264144
2022-12,-0.15371629420648417,-1.2713473934502135,-0.26065278191052516,0.5819771985856633,0.3428904415326433,0.2676060890531108,-0.5819771985856633,-0.3428904415326433,-0.26065278191052516,-0.15371629420648417,-0.7660000876803693,-0.46243382005915334,0.2676060890531108,-0.278636028223224
2023-01,-0.16684945279949207,-1.6078305571805203,-0.6841307163879885,0.33457760069966996,0.12375533510534459,0.28244301449893694,-0.33457760069966996,-0.12375533510534459,-0.6841307163879885,-0.16684945279949207,-1.1459806367842544,-0.22916646790250728,0.28244301449893694,-0.3148883857468292
2023-02,-0.03164433449752479,-1.5800260244684898,-0.659605100076656,0.3201826397371027,0.6341156947971947,0.5504999542947011,-0.3201826397371027,-0.6341156947971947,-0.659605100076656,-0.03164433449752479,-1.119815562272573,-0.4771491672671487,0.5504999542947011,-0.2695272774356363
2023-03,-0.2973233111296414,-1.5531421898706228,0.2124029617552898,0.5366188827594148,0.1408330111577666,0.6519066677947991,-0.5366188827594148,-0.1408330111577666,0.2124029617552898,-0.2973233111296414,-0.6703696140576665,-0.3387259469585907,0.6519066677947991,-0.16362805108777484
2023-04,-0.10045296525219659,-1.9607666502229053,1.6808998185289705,-0.037668359536954125,0.1823939625993468,0.6312872100906741,0.037668359536954125,-0.1823939625993468,1.6808998185289705,-0.10045296525219659,-0.1399334158469674,-0.07236280153119633,0.6312872100906741,0.07963450686507845
2023-05,-0.11332729980805287,-1.9126596088050192,2.9008406730841627,-0.07004763356622287,0.22791484404535628,0.8113645999352452,0.07004763356622287,-0.22791484404535628,2.9008406730841627,-0.11332729980805287,0.49409053213957177,-0.0789336052395667,0.8113645999352452,0.2782985567567994
2023-06,0.1881684702749907,-1.8670184906659366,3.2869587955536845,-0.607608565361026,0.2854060516461699,1.0553820831710774,0.607608565361026,-0.2854060516461699,3.2869587955536845,0.1881684702749907,0.709970152443874,0.16110125685742807,1.0553820831710774,0.5286554906868426
2023-07,0.43208678566842856,-1.8898949940449583,2.4718548946465395,-0.6180938379870057,0.18093038254435936,1.0782710848795851,0.6180938379870057,-0.18093038254435936,2.4718548946465395,0.43208678566842856,0.2909799503007906,0.21858172772132317,1.0782710848795851,0.5049798871425318
2023-08,0.30472173273611675,-1.8451552843671466,1.2930499174814483,-0.3339240770847502,-0.0195092143949596,0.9820014638349545,0.3339240770847502,0.0195092143949596,1.2930499174814483,0.30472173273611675,-0.27605268344284917,0.1767166457398549,0.9820014638349545,0.2968467897170192
2023-09,0.3855780248845243,-1.8025787579320594,0.5473628230215525,-0.43622289206532666,-0.09765131019328299,0.7637064945899876,0.43622289206532666,0.09765131019328299,0.5473628230215525,0.3855780248845243,-0.6276079674552535,0.2669371011293048,0.7637064945899876,0.1971534132871408
2023-10,-0.21548328201405884,-1.7074236157457316,0.4765878650774689,0.11405091575447947,2.8866069423950167,0.9766881623206656,-0.11405091575447947,-2.8866069423950167,0.4765878650774689,-0.21548328201405884,-0.6154178753341314,-1.5003289290747481,0.9766881623206656,-0.3386354810255682
2023-11,0.14153238925371722,-1.672513265906392,0.5242157522391824,-0.6152007850397779,1.6026822660600302,1.037323581991256,0.6152007850397779,-1.6026822660600302,0.5242157522391824,0.14153238925371722,-0.5741487568336048,-0.4937407405101261,1.037323581991256,0.027741618475310592
2023-12,0.5374809414825824,-1.6389889333546384,0.39892309600009057,-0.8068040404623017,1.1491315466370617,1.0649394423015,0.8068040404623017,-1.1491315466370617,0.39892309600009057,0.5374809414825824,-0.620032918677274,-0.17116375308738002,1.0649394423015,0.20280592800485708
2024-01,0.6727423765078792,-1.665135767150632,0.15898594791453485,-0.7051873377759872,1.6572005719700171,1.0572900223081545,0.7051873377759872,-1.6572005719700171,0.15898594791453485,0.6727423765078792,-0.7530749096180486,-0.476006617097015,1.0572900223081545,0.12523771802524253
2024-02,0.964230365503996,-1.6302409552050636,0.004843493634889042,-0.6144377637038942,1.22572443297319,1.0820262146411217,0.6144377637038942,-1.22572443297319,0.004843493634889042,0.964230365503996,-0.8126987307850873,-0.3056433346346479,1.0820262146411217,0.23197862868134564
2024-03,1.153274943982432,-1.5967143243989954,-0.11363706978687531,-0.6414343233268059,0.8226686983259174,1.015229441789575,0.6414343233268059,-0.8226686983259174,-0.11363706978687531,1.153274943982432,-0.8551756970929354,-0.09061718749955572,1.015229441789575,0.305677875294879
2024-04,0.9272637134424218,-1.2513883911250396,-0.2568667039136458,-0.29400213484546783,1.6972669681669166,0.9547332497854355,0.29400213484546783,-1.6972669681669166,-0.2568667039136458,0.9272637134424218,-0.7541275475193427,-0.7016324166607244,0.9547332497854355,0.10655924976194753
2024-05,1.127302449960321,-1.2306457233665977,-0.2583152932308557,-0.7543781214010218,0.705202231414788,1.0487995704599962,0.7543781214010218,-0.705202231414788,-0.2583152932308557,1.127302449960321,-0.7444805082987267,0.024587944993116895,1.0487995704599962,0.3640523642786768
2024-06,1.4027919715162809,-1.210399920825694,-0.045549391193095125,-0.81525497323936,0.19062953697614912,1.2361284994189372,0.81525497323936,-0.19062953697614912,-0.045549391193095125,1.4027919715162809,-0.6279746560093945,0.31231271813160544,1.2361284994189372,0.5808146332643572
2024-07,1.567663533964944,-0.8572781980102836,0.012385875185689114,-0.5638469066775327,-0.4062576034172241,1.2536246312018844,0.5638469066775327,0.4062576034172241,0.012385875185689114,1.567663533964944,-0.42244616141229724,0.48505225504737837,1.2536246312018844,0.7209735647004774
2024-08,1.4266652713594759,-0.845977203061869,-0.2662428534061078,0.1684606328736879,1.0205489743582268,0.9758741657163794,-0.1684606328736879,-1.0205489743582268,-0.2662428534061078,1.4266652713594759,-0.5561100282339884,-0.5945048036159574,0.9758741657163794,0.3129811513064774
2024-09,1.5757506937444719,-0.8348119460264068,-0.6003666366695667,-0.08427125361115786,0.7090433020333583,0.8997662807946794,0.08427125361115786,-0.7090433020333583,-0.6003666366695667,1.5757506937444719,-0.7175892913479868,-0.31238602421110023,0.8997662807946794,0.36138541474501606
2024-10,1.7961768135249174,-1.1230416599685595,-0.6430454719072283,0.2585819570139263,0.7070582059494745,0.9758946585206275,-0.2585819570139263,-0.7070582059494745,-0.6430454719072283,1.7961768135249174,-0.8830435659378939,-0.4828200814817004,0.9758946585206275,0.35155195615648765
2024-11,1.9679522957798612,-1.1049677880915776,-0.4393505832175101,-0.33810454462087164,0.6436678592946711,1.0633203823659607,0.33810454462087164,-0.6436678592946711,-0.4393505832175101,1.9679522957798612,-0.7721591856545438,-0.15278165733689972,1.0633203823659607,0.5265829587885946
2024-12,2.017820884852536,-1.0872552300792295,-0.39978243044653217,-0.35994069811432544,1.0226900272790578,1.2952269969513575,0.35994069811432544,-1.0226900272790578,-0.39978243044653217,2.017820884852536,-0.7435188302628808,-0.3313746645823662,1.2952269969513575,0.5595385967396617
2025-01,1.8149188543513737,-1.0975170415925288,-0.7327359801394538,-0.2219018346060975,0.1687807164625597,1.2438973767375716,0.2219018346060975,-0.1687807164625597,-0.7327359801394538,1.8149188543513737,-0.9151265108659914,0.026560559071768894,1.2438973767375716,0.5425625698236807
2025-02,1.7882902432945291,-1.079467701372142,-1.0030216830482392,-0.1925556040964865,0.8558397030533139,1.123161948317302,0.1925556040964865,-0.8558397030533139,-1.0030216830482392,1.7882902432945291,-1.0412446922101908,-0.3316420494784137,1.123161948317302,0.3846413624808067
2025-03,1.1104487175420144,-1.0617650135696828,-0.9611406975820883,0.532147529643744,1.9437430000606517,0.8099916711626934,-0.532147529643744,-1.9437430000606517,-0.9611406975820883,1.1104487175420144,-1.0114528555758855,-1.2379452648521978,0.8099916711626934,-0.08223943293084388
2025-04,0.5059888770850635,-1.1770428680269003,-0.8662718241987786,2.0027347247225262,0.927252950068898,0.7056565465925558,-2.0027347247225262,-0.927252950068898,-0.8662718241987786,0.5059888770850635,-1.0216573461128395,-1.464993837395712,0.7056565465925558,-0.31875143995773303
2025-05,1.1616114849039538,-1.1576533110550067,-0.9569074534665153,0.2887298242554717,1.6335264107063987,0.9977054790737491,-0.2887298242554717,-1.6335264107063987,-0.9569074534665153,1.1616114849039538,-1.057280382260761,-0.9611281174809352,0.9977054790737491,0.03522711605900167
2025-06,1.4225071607290867,-1.1386949819681482,-1.1373804599432804,-0.022273079162946952,3.02721542587916,1.1445933671667732,0.022273079162946952,-3.02721542587916,-1.1373804599432804,1.4225071607290867,-1.1380377209557144,-1.5024711733581064,1.1445933671667732,-0.01835209160449025
2025-07,1.7592940826657093,-1.12883302751174,-1.1705942285340771,-0.3261172050318605,0.642109066958747,1.2414473616901696,0.3261172050318605,-0.642109066958747,-1.1705942285340771,1.7592940826657093,-1.1497136280229086,-0.15799593096344328,1.2414473616901696,0.42325797134238174
2025-08,1.8232556278237497,-1.110173942368968,-0.9922331936220441,-0.415346557966271,0.759485156732013,1.3281185337896226,0.415346557966271,-0.759485156732013,-0.9922331936220441,1.8232556278237497,-1.051203567995506,-0.172069299382871,1.3281185337896226,0.48202532355874883
2025-09,1.9863594215007496,-1.0918950502046356,-0.6964333949384649,-0.39987212603586764,0.41847561222776236,1.406752632444648,0.39987212603586764,-0.41847561222776236,-0.6964333949384649,1.9863594215007496,-0.8941642225715503,-0.009301743095947362,1.406752632444648,0.622411522069475
2025-10,2.130660847462452,-0.5858400923508744,-0.3151758464357979,-0.05852851916603056,1.1574269522620815,1.51866040619349,0.05852851916603056,-1.1574269522620815,-0.3151758464357979,2.130660847462452,-0.45050796939333615,-0.5494492165480255,1.51866040619349,0.6623410169286451
2025-11,2.041458696465918,-0.5751314922593438,-0.022331110657882222,0.18841084784427728,-0.1965961194605816,1.4942870546353841,-0.18841084784427728,0.1965961194605816,-0.022331110657882222,2.041458696465918,-0.298731301458613,0.0040926358081521536,1.4942870546353841,0.8102767713627103
2025-12,2.104654672486464,-0.5644720201355242,0.051022603547573875,-0.4387061178374229,0.5769322588363386,1.4565772424942143,0.4387061178374229,-0.5769322588363386,0.051022603547573875,2.104654672486464,-0.2567247082939752,-0.06911307049945783,1.4565772424942143,0.8088485340468112
2026-01,2.0815023274919073,-0.06904096709819757,0.10131412162237383,-0.3358722194037965,1.5399080026905805,1.3844153432955897,0.3358722194037965,-1.5399080026905805,0.10131412162237383,2.0815023274919073,0.016136577262088128,-0.602017891643392,1.3844153432955897,0.7200090891015483
2026-02,1.887727338884984,-0.06204877432546986,0.22632813470189359,0.12131873242618171,0.21398274106291001,1.1442207228590378,-0.12131873242618171,-0.21398274106291001,0.22632813470189359,1.887727338884984,0.08213968018821186,-0.16765073674454586,1.1442207228590378,0.736609251296922
2026-03,1.3474736061859252,-0.05502317401374774,0.39425069419491016,1.0618916605813222,5.181227483135438,1.144277579090452,-1.0618916605813222,-5.181227483135438,0.39425069419491016,1.3474736061859252,0.1696137600905812,-3.12155957185838,1.144277579090452,-0.11504865662285546
2026-04,1.6134520033327862,-0.054009045588874746,0.6040757474192672,0.19236786739983977,3.183376309490264,1.3684694207778452,-0.19236786739983977,-3.183376309490264,0.6040757474192672,1.6134520033327862,0.2750333509151962,-1.687872088445052,1.3684694207778452,0.39227067164519386
2026-05,2.1283205658889535,-0.05299495863651303,NA,-0.19547157424467293,1.9683543652811326,1.7375715990951768,0.19547157424467293,-1.9683543652811326,NA,2.1283205658889535,-0.05299495863651303,-0.8864413955182299,1.7375715990951768,0.7316139527073469
2026-06,2.1371056853502615,-0.051980910027571686,NA,-0.0954816698585302,1.2717909030855017,1.6272688358316607,0.0954816698585302,-1.2717909030855017,NA,2.1371056853502615,-0.051980910027571686,-0.5881546166134858,1.6272688358316607,0.7810597486352161
2026-07,2.1434756409761166,-0.051826865202061013,NA,-0.2229803807290992,NA,1.374831184768566,0.2229803807290992,NA,NA,2.1434756409761166,-0.051826865202061013,0.2229803807290992,1.374831184768566,0.9223650853179302
2026-08,2.3936880465107997,-0.05167282362067684,NA,-0.4907203411397857,NA,NA,0.4907203411397857,NA,NA,2.3936880465107997,-0.05167282362067684,0.4907203411397857,NA,0.9442451880099695
